Customer ID,Sales Amount
18102.0,349164.35
14646.0,248396.5
14156.0,196549.74
14911.0,152121.22
13694.0,131443.19
17511.0,84541.17
15061.0,83284.38
16684.0,80489.21
16754.0,65500.07
17949.0,60117.6
13089.0,57885.45
15311.0,55942.74
17450.0,52422.3
17850.0,51208.87
12931.0,50291.38
13093.0,47111.18
16029.0,41184.3
15838.0,40519.92
14298.0,39667.19
13798.0,38683.02
13902.0,34095.26
15769.0,32451.6
13081.0,30867.77
13777.0,30501.260000000002
17841.0,29562.02
16705.0,29480.061
16422.0,28904.670000000002
14680.0,28615.27
13881.0,28019.58
17940.0,26286.75
17389.0,25381.65
12482.0,23691.4
14031.0,23632.72
13408.0,23616.422
14063.0,22710.2
16779.0,22554.22
12748.0,22457.9
18251.0,21964.14
13802.0,21659.69
12709.0,21107.94
17677.0,20329.68
17920.0,20137.24
12471.0,20129.54
16013.0,20009.84
15039.0,19960.3
17381.0,19726.76
12415.0,19543.84
14258.0,19381.36
12921.0,19333.95
14527.0,19257.08
14606.0,18482.1
13767.0,18320.170000000002
17675.0,17885.32
15856.0,17703.63
18008.0,17642.89
16210.0,17403.21
12681.0,17080.74
13078.0,16904.510000000002
15523.0,16847.18
12678.0,16652.72
17404.0,15874.3
17865.0,15785.87
13564.0,15310.35
14062.0,15120.800000000001
15768.0,14687.06
17428.0,14562.91
17448.0,14523.67
15808.0,14482.03
13001.0,14256.68
12647.0,14201.53
17377.0,14174.25
14895.0,13980.83
15760.0,13916.34
12939.0,13683.0
14088.0,13544.99
16019.0,13542.92
12454.0,13151.44
14277.0,13009.61
15513.0,12992.33
15498.0,12633.18
14667.0,12418.01
12409.0,12346.619999999999
12357.0,12079.99
17243.0,11920.43
13687.0,11880.84
12682.0,11745.69
16525.0,11535.29
17589.0,11433.77
15640.0,11411.92
16746.0,11366.64
13340.0,11364.08
12949.0,11359.48
12472.0,11308.48
13319.0,11236.95
14134.0,11123.35
12621.0,11086.14
17044.0,11013.82
14543.0,10988.14
15615.0,10974.23
12918.0,10953.5
18052.0,10877.18
16553.0,10864.19
16652.0,10776.42
18087.0,10705.8
14299.0,10533.87
16191.0,10497.300000000001
17416.0,10405.03
14028.0,10396.5
13027.0,10327.2
17716.0,10300.98
17706.0,10245.49
17340.0,9935.93
18172.0,9905.56
15251.0,9839.55
13225.0,9796.23
17133.0,9730.09
15093.0,9729.09
14045.0,9653.279999999999
13952.0,9572.45
14091.0,9530.08
14952.0,9529.86
12714.0,9384.85
16843.0,9374.86
14961.0,9365.47
15291.0,9178.26
14040.0,8963.49
17139.0,8915.99
12980.0,8870.880000000001
12540.0,8854.25
15032.0,8821.55
16549.0,8746.9
15358.0,8703.210000000001
15738.0,8560.550000000001
14160.0,8421.47
16133.0,8403.22
15044.0,8389.42
14739.0,8385.22
16126.0,8356.83
13178.0,8333.72
13206.0,8308.19
16656.0,8207.37
15601.0,8183.56
15078.0,8018.77
14849.0,7832.91
13013.0,7814.83
15382.0,7777.84
16782.0,7732.37
12437.0,7731.99
17581.0,7712.71
13680.0,7700.55
14828.0,7699.7
15005.0,7681.71
13468.0,7670.54
16713.0,7619.21
17858.0,7614.24
13162.0,7587.2
12668.0,7575.88
14607.0,7553.63
18225.0,7539.84
18223.0,7516.31
17364.0,7510.24
16873.0,7493.77
14049.0,7444.68
15497.0,7395.19
15260.0,7377.46
13715.0,7348.3
14194.0,7321.07
13097.0,7320.88
18260.0,7318.91
14110.0,7304.8
15555.0,7267.83
12476.0,7267.49
14426.0,7246.27
16161.0,7210.59
13316.0,7207.89
12433.0,7205.39
12583.0,7166.0599999999995
12758.0,7111.650000000001
18092.0,7111.18
16550.0,7069.27
14016.0,7062.2
12477.0,7056.63
17409.0,7021.66
12380.0,6951.49
12731.0,6879.8
13735.0,6879.2300000000005
15874.0,6878.88
16327.0,6874.97
16168.0,6848.87
15413.0,6798.72
14051.0,6784.01
14439.0,6781.8
12481.0,6765.07
16258.0,6739.01
12557.0,6725.18
13734.0,6695.6900000000005
17160.0,6691.13
18226.0,6650.83
15296.0,6650.17
12524.0,6640.39
13668.0,6638.650000000001
12989.0,6627.64
13174.0,6621.6
13488.0,6619.57
13199.0,6615.77
14733.0,6579.26
17504.0,6493.14
13050.0,6477.67
14866.0,6460.32
16131.0,6450.88
13113.0,6357.08
17085.0,6285.27
13327.0,6251.71
15369.0,6251.26
13758.0,6226.43
15281.0,6211.42
14735.0,6174.47
15270.0,6145.37
14415.0,6124.52
13935.0,6116.92
12435.0,6096.04
16923.0,6088.05
13418.0,6055.47
16709.0,6026.14
14505.0,6019.65
13941.0,6009.34
14422.0,6007.88
15202.0,6001.49
12835.0,5996.83
16180.0,5995.69
13004.0,5994.94
15981.0,5954.29
17809.0,5925.4800000000005
16984.0,5891.01
14855.0,5874.65
13615.0,5854.84
14030.0,5839.46
14676.0,5808.55
16814.0,5781.4400000000005
17230.0,5750.08
15984.0,5735.09
16839.0,5716.14
15218.0,5711.9400000000005
13448.0,5655.2
12539.0,5646.400000000001
14085.0,5607.43
13999.0,5600.45
15144.0,5579.87
13629.0,5578.5
13047.0,5557.62
16558.0,5535.02
15125.0,5496.39
16985.0,5459.04
17017.0,5416.349999999999
14249.0,5400.461
17338.0,5395.79
17696.0,5393.88
15950.0,5376.2
15480.0,5373.5
15023.0,5287.64
15179.0,5284.97
15465.0,5281.53
13102.0,5272.83
13141.0,5267.33
17576.0,5266.7699999999995
14146.0,5259.3
17107.0,5255.24
14113.0,5252.1900000000005
13267.0,5236.77
15867.0,5224.81
12755.0,5218.709999999999
12497.0,5205.400000000001
15998.0,5193.92
13090.0,5189.32
13069.0,5185.51
15719.0,5165.9
15547.0,5146.45
14154.0,5115.08
15570.0,5105.32
17146.0,5102.86
14769.0,5097.13
12747.0,5061.03
12474.0,5048.66
16186.0,5019.17
13599.0,5013.96
16170.0,4983.95
14755.0,4962.27
12643.0,4960.18
14135.0,4953.61
17739.0,4939.24
13869.0,4913.22
14329.0,4912.38
12705.0,4893.81
15332.0,4892.68
12843.0,4881.1
16008.0,4860.35
14243.0,4842.28
13576.0,4834.400000000001
17157.0,4832.9
16546.0,4819.32
13148.0,4814.56
15194.0,4811.16
13831.0,4795.09
13555.0,4792.96
12971.0,4782.88
18231.0,4782.400000000001
16103.0,4762.07
12823.0,4742.0
14105.0,4722.6
13958.0,4709.2300000000005
16556.0,4698.79
12957.0,4689.43
15805.0,4660.75
15298.0,4659.47
14395.0,4630.7
16456.0,4630.16
17873.0,4621.32
15544.0,4615.72
17068.0,4601.69
16320.0,4590.53
13381.0,4585.06
14461.0,4573.85
17965.0,4558.01
16200.0,4539.23
14685.0,4536.64
18041.0,4536.29
13426.0,4526.06
16701.0,4518.43
18178.0,4512.93
17308.0,4511.76
15674.0,4501.63
12839.0,4480.31
13983.0,4479.82
14648.0,4466.65
14175.0,4456.58
12422.0,4428.24
12490.0,4405.71
18055.0,4381.78
17611.0,4376.41
16118.0,4376.25
12431.0,4370.52
18061.0,4369.56
14081.0,4369.47
14292.0,4354.32
13590.0,4354.12
14918.0,4345.66
15633.0,4335.96
15694.0,4331.41
15750.0,4330.461
13329.0,4323.97
12567.0,4308.58
16858.0,4292.59
16125.0,4292.35
13044.0,4287.58
17049.0,4287.5
16938.0,4283.68
14440.0,4281.05
13373.0,4274.94
14936.0,4273.79
13969.0,4266.88
16722.0,4258.2699999999995
17457.0,4247.11
15955.0,4242.1
12683.0,4220.21
12913.0,4217.2300000000005
15727.0,4212.65
13317.0,4212.411
16945.0,4202.66
16279.0,4195.5
12510.0,4195.45
17508.0,4191.92
13451.0,4191.8
17593.0,4168.46
16749.0,4157.88
17700.0,4145.33
15980.0,4144.82
13854.0,4144.44
15622.0,4143.05
17735.0,4134.91
15898.0,4129.26
14282.0,4120.32
13394.0,4101.68
15521.0,4098.04
16700.0,4091.16
14766.0,4082.76
15581.0,4076.9700000000003
17584.0,4067.12
14025.0,4057.9
12589.0,4048.98
12744.0,4037.77
17138.0,4036.77
14291.0,4020.85
13931.0,4019.85
15372.0,4009.66
17307.0,3999.8900000000003
13756.0,3999.2300000000005
16954.0,3996.7999999999997
14101.0,3985.14
13137.0,3983.65
17238.0,3982.66
16735.0,3970.0
14709.0,3965.29
17091.0,3961.44
15321.0,3961.42
13542.0,3959.4900000000002
17625.0,3958.5
15034.0,3957.04
14210.0,3955.6800000000003
12836.0,3949.37
13157.0,3946.14
17204.0,3940.13
17231.0,3940.08
16670.0,3934.25
13883.0,3885.54
14944.0,3884.42
15823.0,3882.17
13446.0,3881.89
14560.0,3876.2599999999998
17829.0,3867.5
14841.0,3867.2400000000002
16992.0,3862.19
14145.0,3857.85
14286.0,3851.0099999999998
16242.0,3824.79
16710.0,3823.78
12867.0,3819.92
15903.0,3813.0800000000004
14525.0,3810.64
16636.0,3802.04
17838.0,3786.7000000000003
16732.0,3783.89
14442.0,3777.2
17757.0,3773.11
12917.0,3765.2
17802.0,3761.38
18245.0,3757.92
17092.0,3737.38
12429.0,3735.51
16497.0,3729.59
13082.0,3722.12
13107.0,3721.45
12737.0,3710.5
16772.0,3698.0499999999997
16570.0,3695.91
16592.0,3694.23
15150.0,3686.61
18064.0,3667.83
13136.0,3666.9500000000003
15785.0,3640.96
12451.0,3634.36
16409.0,3629.76
15755.0,3628.87
13654.0,3600.67
14625.0,3598.25
16072.0,3595.77
16253.0,3588.34
15786.0,3582.62
12356.0,3560.3
15502.0,3548.34
13269.0,3545.47
14459.0,3537.821
15482.0,3537.6
18229.0,3526.81
16336.0,3517.69
12633.0,3514.18
14844.0,3512.62
13763.0,3502.48
12759.0,3489.3
14388.0,3488.16
13634.0,3486.41
15299.0,3484.5299999999997
13593.0,3481.41
15673.0,3478.09
15159.0,3475.7200000000003
18065.0,3473.8
12613.0,3472.9900000000002
12841.0,3472.61
15641.0,3458.35
13230.0,3457.83
12615.0,3449.79
13815.0,3448.38
12623.0,3442.7400000000002
14702.0,3427.44
17876.0,3424.02
17365.0,3417.13
14800.0,3415.38
12455.0,3413.09
15129.0,3412.78
15812.0,3400.33
13324.0,3391.52
14514.0,3389.84
13658.0,3386.33
14060.0,3378.66
16940.0,3377.78
18094.0,3374.2200000000003
17663.0,3372.92
15538.0,3358.3999999999996
16182.0,3354.0
13491.0,3350.7400000000002
17612.0,3346.41
16563.0,3334.82
13495.0,3329.39
14970.0,3327.29
16353.0,3323.75
13659.0,3321.68
17315.0,3318.35
13993.0,3309.35
16153.0,3309.2599999999998
14852.0,3295.7400000000002
13031.0,3292.84
13520.0,3285.05
16067.0,3269.11
17519.0,3265.45
13214.0,3264.23
13722.0,3260.0
15571.0,3241.92
13015.0,3240.14
14159.0,3230.45
14530.0,3226.76
13552.0,3208.85
17799.0,3207.76
15367.0,3203.74
13115.0,3199.92
13357.0,3196.11
18194.0,3188.2000000000003
15485.0,3186.01
17469.0,3180.28
16351.0,3176.13
15680.0,3173.9
18075.0,3171.54
17412.0,3159.46
14092.0,3152.54
12417.0,3148.31
15614.0,3147.36
17646.0,3141.4
12662.0,3138.2400000000002
13139.0,3138.04
17644.0,3132.96
13786.0,3127.99
15002.0,3127.9700000000003
16717.0,3127.85
15527.0,3126.36
13953.0,3125.0
17145.0,3120.91
14535.0,3118.39
15394.0,3103.26
16156.0,3096.14
17769.0,3095.95
13771.0,3094.37
14221.0,3084.69
17069.0,3084.58
12511.0,3084.02
12766.0,3078.65
13183.0,3078.4
17618.0,3071.36
12469.0,3070.54
12872.0,3062.52
14593.0,3048.38
17426.0,3040.51
13562.0,3038.85
13037.0,3033.88
13875.0,3027.58
15722.0,3022.79
17913.0,3020.64
14227.0,3017.75
16986.0,3015.55
17372.0,3010.13
16718.0,3006.08
16145.0,3005.9500000000003
13769.0,3003.9100000000003
16325.0,3003.26
17287.0,3000.5
17931.0,2993.88
14590.0,2993.37
17861.0,2990.41
17032.0,2984.32
12406.0,2975.06
16444.0,2971.21
17526.0,2970.14
15222.0,2965.91
13985.0,2960.73
14882.0,2956.9500000000003
16736.0,2956.56
14047.0,2946.42
15939.0,2945.38
12468.0,2941.2
13870.0,2941.14
14209.0,2919.84
14112.0,2919.44
14532.0,2912.93
13291.0,2909.68
17819.0,2907.65
14441.0,2898.8
14824.0,2895.2000000000003
14465.0,2887.4100000000003
12806.0,2878.96
16003.0,2878.46
14930.0,2873.77
15079.0,2871.74
16467.0,2869.16
14796.0,2865.05
15421.0,2854.98
14257.0,2854.73
15122.0,2853.4900000000002
14817.0,2849.52
14913.0,2845.7
12631.0,2841.07
16571.0,2827.05
15255.0,2815.17
14732.0,2814.58
13901.0,2809.14
12749.0,2806.48
16316.0,2806.0
13205.0,2803.2
12712.0,2797.53
13975.0,2795.16
17754.0,2786.57
14744.0,2785.1
15628.0,2782.02
16283.0,2779.51
16208.0,2776.19
13052.0,2771.18
13510.0,2766.73
15817.0,2766.4
14770.0,2761.2200000000003
14540.0,2756.98
16400.0,2755.92
16335.0,2753.52
15240.0,2753.41
14713.0,2752.5099999999998
17685.0,2751.64
16401.0,2750.83
18145.0,2748.19
14401.0,2744.42
12779.0,2740.91
17241.0,2736.64
17669.0,2735.63
12986.0,2729.84
17082.0,2728.18
17191.0,2726.77
14572.0,2722.34
12910.0,2721.48
12358.0,2719.01
13461.0,2715.0
14740.0,2712.85
17406.0,2704.63
14493.0,2704.62
17019.0,2703.03
13334.0,2699.48
14825.0,2698.17
12838.0,2694.75
17690.0,2685.2
17096.0,2675.8
12349.0,2671.14
14907.0,2664.69
14566.0,2660.0
17848.0,2657.91
13929.0,2651.45
17001.0,2651.23
14099.0,2646.7400000000002
12967.0,2646.02
17083.0,2644.01
16655.0,2633.74
12671.0,2622.481
14626.0,2619.65
13209.0,2617.9
16094.0,2617.33
14451.0,2614.78
12483.0,2612.2000000000003
14546.0,2610.91
15854.0,2609.16
14564.0,2605.62
12708.0,2601.19
17672.0,2600.46
14878.0,2600.41
16347.0,2595.51
17863.0,2585.2
12857.0,2581.6
15754.0,2579.04
17673.0,2578.91
15249.0,2577.54
15203.0,2572.38
15967.0,2568.32
16303.0,2567.64
13485.0,2564.98
12359.0,2563.36
12523.0,2562.58
16308.0,2560.0
13707.0,2559.45
17686.0,2557.35
15290.0,2553.06
17640.0,2547.28
15051.0,2543.55
17512.0,2542.83
17465.0,2542.79
18168.0,2538.7599999999998
16933.0,2536.07
16455.0,2535.69
16950.0,2535.21
17930.0,2534.74
15046.0,2533.37
15301.0,2533.09
13384.0,2528.9
17975.0,2527.17
17400.0,2525.44
16919.0,2515.76
13982.0,2511.08
13979.0,2510.06
17346.0,2509.84
15858.0,2508.77
16190.0,2508.4700000000003
13995.0,2508.32
17059.0,2506.54
12978.0,2502.82
16523.0,2497.86
14001.0,2487.01
16011.0,2486.0
16143.0,2485.89
13018.0,2485.46
16767.0,2481.2
12625.0,2481.06
12720.0,2478.94
14857.0,2478.731
16104.0,2476.25
17730.0,2475.32
15796.0,2463.02
17402.0,2461.68
15983.0,2458.9
15123.0,2456.86
18069.0,2455.68
15031.0,2449.75
13571.0,2448.32
13557.0,2448.2
13823.0,2445.79
12600.0,2444.88
14344.0,2443.77
16393.0,2441.61
16098.0,2435.67
14044.0,2431.28
15077.0,2428.08
13464.0,2422.96
17491.0,2422.2000000000003
15494.0,2422.02
12976.0,2417.7799999999997
15024.0,2414.18
16293.0,2408.96
17213.0,2401.07
15712.0,2400.05
17031.0,2393.5
14737.0,2389.62
17314.0,2376.51
15182.0,2376.1020000000003
14466.0,2374.5
17442.0,2371.74
15514.0,2368.34
16607.0,2359.16
12656.0,2356.66
15015.0,2354.97
12982.0,2354.27
15050.0,2349.5
17449.0,2348.94
13963.0,2347.33
18093.0,2346.19
18287.0,2345.71
16539.0,2343.2
16150.0,2342.57
15353.0,2336.0
16742.0,2334.97
15043.0,2333.3199999999997
13213.0,2330.94
13077.0,2326.35
17884.0,2325.92
14938.0,2322.43
13458.0,2312.7
15606.0,2310.83
15306.0,2310.38
12609.0,2309.01
17113.0,2305.59
17738.0,2304.51
15946.0,2304.18
13362.0,2303.33
13266.0,2300.78
16077.0,2300.4
17602.0,2300.01
13527.0,2298.93
13371.0,2297.66
12782.0,2287.32
12391.0,2285.18
14341.0,2285.04
16255.0,2284.34
14482.0,2283.91
18051.0,2282.28
12637.0,2280.91
13297.0,2278.77
17419.0,2273.95
12863.0,2271.35
13021.0,2270.86
17553.0,2270.0
15518.0,2268.44
12725.0,2266.76
15638.0,2265.2
18257.0,2262.52
17084.0,2253.22
16383.0,2252.93
16791.0,2251.85
14649.0,2248.6
12374.0,2246.29
13407.0,2244.7
13842.0,2244.29
15365.0,2242.81
12928.0,2242.19
14867.0,2241.78
15629.0,2240.9
13131.0,2240.47
17550.0,2239.48
17929.0,2239.1
13473.0,2235.12
17692.0,2234.86
15389.0,2233.8
13048.0,2229.72
17218.0,2226.96
15757.0,2225.94
13421.0,2225.04
14293.0,2221.37
16584.0,2220.09
13478.0,2215.78
16499.0,2212.89
13173.0,2212.11
15476.0,2209.98
16458.0,2208.15
15569.0,2207.74
16560.0,2206.9700000000003
14290.0,2201.91
14295.0,2196.71
14898.0,2195.14
15228.0,2193.56
15934.0,2190.66
12480.0,2183.2200000000003
14161.0,2182.46
16503.0,2182.41
17311.0,2181.71
15978.0,2180.64
12371.0,2179.42
17063.0,2177.39
16719.0,2174.13
15532.0,2174.12
14107.0,2174.07
16466.0,2171.13
18144.0,2169.25
15493.0,2168.27
17732.0,2166.42
13762.0,2165.76
17822.0,2162.93
14211.0,2161.19
17552.0,2154.88
15059.0,2153.48
12951.0,2149.65
15271.0,2146.95
16004.0,2146.39
13152.0,2146.38
12592.0,2145.06
14431.0,2143.84
13611.0,2143.53
16875.0,2139.0
12687.0,2138.91
16918.0,2137.72
16202.0,2136.72
16841.0,2136.2400000000002
15623.0,2136.02
17305.0,2135.46
14057.0,2135.0
15027.0,2129.45
14496.0,2129.42
17969.0,2126.09
14634.0,2124.46
16053.0,2122.89
16748.0,2121.43
15142.0,2121.18
15965.0,2119.26
17188.0,2118.7000000000003
15067.0,2118.12
13799.0,2114.71
13059.0,2108.37
14399.0,2108.21
14147.0,2106.8
16883.0,2101.61
12975.0,2100.09
12530.0,2096.98
15245.0,2095.0
16045.0,2094.23
14469.0,2093.46
15151.0,2085.61
12935.0,2083.16
13848.0,2080.0
13450.0,2076.32
17596.0,2075.7400000000002
14307.0,2075.31
18026.0,2074.07
16795.0,2062.41
15221.0,2062.2000000000003
17774.0,2060.1
18258.0,2059.67
16612.0,2057.77
14869.0,2056.69
14688.0,2056.3
16206.0,2052.81
16176.0,2052.69
16105.0,2049.23
12395.0,2048.64
13431.0,2047.14
12733.0,2040.92
16331.0,2037.7
16395.0,2036.35
15862.0,2033.64
12849.0,2032.18
14225.0,2031.07
15819.0,2029.34
13481.0,2026.28
16147.0,2023.91
13736.0,2022.67
13696.0,2020.4
15100.0,2018.6999999999998
13085.0,2017.2
16197.0,2016.71
13693.0,2011.82
16532.0,2007.84
17722.0,2006.32
15312.0,2005.3400000000001
16554.0,2004.6200000000001
17203.0,2004.01
16743.0,1999.02
15791.0,1995.65
14639.0,1994.47
15481.0,1993.34
16271.0,1993.18
16163.0,1992.98
16065.0,1992.13
14555.0,1991.49
15953.0,1990.8
12802.0,1988.84
16033.0,1985.6299999999999
17682.0,1982.45
18259.0,1979.6000000000001
13772.0,1977.39
13091.0,1976.0
17897.0,1968.75
16032.0,1965.72
18097.0,1965.52
14701.0,1961.02
13338.0,1958.6
15827.0,1957.98
16290.0,1957.7
14669.0,1957.54
13851.0,1955.0
17039.0,1954.99
13750.0,1954.92
12653.0,1950.98
16993.0,1950.9499999999998
12853.0,1950.4
14205.0,1947.5
14655.0,1946.28
14498.0,1943.51
15425.0,1941.1200000000001
16101.0,1938.46
12385.0,1938.4
18215.0,1933.15
15602.0,1932.64
13849.0,1931.35
13635.0,1928.1299999999999
14064.0,1925.9
17115.0,1923.99
16905.0,1923.57
16485.0,1923.54
14492.0,1921.91
16686.0,1921.19
16128.0,1920.83
13253.0,1920.71
16177.0,1915.36
13014.0,1914.8
14756.0,1914.8
15716.0,1913.55
16812.0,1912.65
13971.0,1909.31
15329.0,1909.13
16416.0,1906.48
16912.0,1904.93
15443.0,1900.64
13126.0,1898.6100000000001
18170.0,1897.69
18009.0,1896.84
17293.0,1896.57
17667.0,1895.19
12770.0,1895.0
15248.0,1893.93
16631.0,1892.52
13313.0,1890.0
14548.0,1888.49
16823.0,1884.71
16209.0,1884.16
14239.0,1882.3200000000002
16341.0,1878.92
15916.0,1874.83
14032.0,1874.68
12586.0,1865.73
12876.0,1863.77
13663.0,1858.04
16229.0,1857.26
15199.0,1853.7
13534.0,1850.82
14507.0,1848.8600000000001
12578.0,1847.94
13455.0,1847.59
15265.0,1839.52
15944.0,1839.1399999999999
13728.0,1839.03
17623.0,1838.72
18109.0,1828.24
12484.0,1826.78
16477.0,1825.56
13538.0,1822.28
16276.0,1818.79
14837.0,1810.82
12531.0,1807.98
13032.0,1805.78
13623.0,1805.32
17857.0,1803.2
16797.0,1802.02
13577.0,1801.68
12377.0,1798.2
16036.0,1797.92
17621.0,1795.22
12369.0,1791.15
14534.0,1790.36
15380.0,1788.8
16005.0,1786.78
15366.0,1786.57
14790.0,1781.56
18214.0,1780.34
13203.0,1778.79
16510.0,1777.5
13920.0,1774.68
14897.0,1774.16
14916.0,1773.97
15095.0,1771.04
15351.0,1770.23
14933.0,1770.0
15972.0,1769.33
15736.0,1767.12
16365.0,1766.78
15057.0,1766.46
14334.0,1766.27
13425.0,1766.22
15665.0,1764.86
12645.0,1764.12
13648.0,1764.02
16225.0,1762.99
17651.0,1758.52
17811.0,1757.98
12865.0,1755.24
17242.0,1754.24
12594.0,1751.89
13305.0,1751.75
16983.0,1748.15
12820.0,1747.18
12963.0,1744.96
15073.0,1744.61
16086.0,1743.6
17742.0,1743.3700000000001
13719.0,1741.4
17354.0,1740.8999999999999
16087.0,1739.92
14748.0,1736.57
14390.0,1731.16
17211.0,1729.43
15596.0,1723.45
18095.0,1723.04
16232.0,1722.09
16059.0,1718.66
12739.0,1713.69
16619.0,1712.1200000000001
13665.0,1711.6599999999999
16062.0,1709.83
16771.0,1706.99
14988.0,1704.11
15971.0,1702.98
15625.0,1702.1399999999999
15911.0,1700.24
17588.0,1699.35
18077.0,1699.25
12727.0,1698.8300000000002
12932.0,1698.56
17961.0,1697.85
12500.0,1697.39
14409.0,1696.64
17320.0,1695.15
12813.0,1687.8
15215.0,1687.49
16326.0,1682.03
16241.0,1680.2
17470.0,1679.8
12870.0,1676.95
14831.0,1676.57
14004.0,1675.81
14673.0,1674.41
12649.0,1671.1399999999999
14653.0,1666.41
16329.0,1664.92
16470.0,1664.08
13092.0,1662.45
13561.0,1661.54
14177.0,1660.23
13117.0,1658.8999999999999
16120.0,1658.3700000000001
15456.0,1656.93
14421.0,1656.26
16611.0,1655.64
13330.0,1655.17
12854.0,1654.72
13911.0,1654.08
12873.0,1653.3
12911.0,1651.72
14963.0,1651.23
12701.0,1648.7
14481.0,1648.18
13397.0,1647.74
14515.0,1647.17
13192.0,1646.6399999999999
13503.0,1642.39
13643.0,1637.33
16081.0,1637.14
17165.0,1635.64
15550.0,1635.42
15310.0,1634.64
14562.0,1631.38
16555.0,1629.79
13554.0,1629.35
14215.0,1626.61
13692.0,1626.08
13154.0,1624.84
17954.0,1618.93
18220.0,1616.48
13824.0,1615.82
17422.0,1615.39
14896.0,1614.45
14934.0,1612.56
15013.0,1610.82
15789.0,1610.71
16860.0,1610.62
17814.0,1609.37
15810.0,1607.06
14467.0,1606.98
17460.0,1605.8400000000001
15607.0,1604.21
14195.0,1603.6
15062.0,1597.76
16634.0,1596.71
17853.0,1596.29
17994.0,1595.1399999999999
17028.0,1593.83
12937.0,1593.34
14396.0,1591.74
16057.0,1591.73
16275.0,1591.24
12360.0,1590.83
13156.0,1586.54
17679.0,1585.5
14327.0,1583.28
17905.0,1580.3799999999999
13202.0,1580.3
16620.0,1579.97
12424.0,1579.07
12549.0,1575.68
13337.0,1575.26
15288.0,1574.51
13889.0,1574.3300000000002
17921.0,1574.13
14235.0,1573.1299999999999
13198.0,1572.99
17720.0,1572.97
15985.0,1572.8600000000001
15885.0,1572.47
14136.0,1570.81
14180.0,1570.73
14608.0,1567.79
15681.0,1563.54
16012.0,1563.3
14854.0,1563.03
12629.0,1558.22
15752.0,1557.96
15811.0,1557.38
17758.0,1555.83
14449.0,1555.4
16515.0,1554.92
13360.0,1553.65
15747.0,1553.17
13377.0,1552.88
17851.0,1552.35
14186.0,1550.63
13501.0,1544.79
13783.0,1542.09
14640.0,1541.98
13711.0,1540.2
15834.0,1539.24
12924.0,1535.7
15798.0,1535.37
12916.0,1534.78
14695.0,1534.22
12798.0,1533.8899999999999
14410.0,1531.63
16529.0,1531.55
16134.0,1527.25
13632.0,1526.88
15434.0,1525.5800000000002
12926.0,1523.97
16124.0,1523.49
13211.0,1523.35
15422.0,1522.27
14967.0,1518.81
15841.0,1518.35
14533.0,1516.65
15803.0,1513.84
17610.0,1511.94
14870.0,1511.7
12676.0,1511.7
12598.0,1511.01
14038.0,1509.5
13874.0,1508.7
17594.0,1504.7
17262.0,1504.26
14915.0,1503.77
14408.0,1503.2400000000002
14802.0,1502.98
13819.0,1502.0
17353.0,1502.0
15860.0,1498.8
15590.0,1496.6
13280.0,1494.87
15173.0,1494.6
18219.0,1493.1200000000001
14256.0,1491.73
16314.0,1491.4
13042.0,1488.59
16265.0,1488.17
17147.0,1485.36
16960.0,1483.83
13871.0,1482.6
12826.0,1481.03
18230.0,1480.8600000000001
14312.0,1478.7
17396.0,1476.3
13652.0,1475.77
15678.0,1473.24
17414.0,1471.52
12582.0,1469.04
15167.0,1468.82
13110.0,1468.8000000000002
14129.0,1467.48
18268.0,1464.73
17050.0,1462.95
14682.0,1462.81
15030.0,1461.63
15081.0,1460.92
16917.0,1460.3600000000001
15563.0,1459.02
17180.0,1452.8
12408.0,1452.22
13650.0,1451.66
13361.0,1450.5
15876.0,1449.1399999999999
17534.0,1445.47
14850.0,1445.21
14014.0,1443.03
14233.0,1441.55
15704.0,1441.04
12644.0,1440.58
17597.0,1439.72
15325.0,1439.72
13543.0,1439.6100000000001
16088.0,1437.43
12805.0,1434.95
15793.0,1433.96
12389.0,1433.33
15910.0,1432.29
15572.0,1431.78
16233.0,1429.03
14309.0,1428.28
16520.0,1427.57
17029.0,1421.3
18044.0,1417.01
14644.0,1416.96
17388.0,1415.81
13895.0,1415.45
17694.0,1412.85
14217.0,1411.91
14000.0,1410.68
16854.0,1408.96
12378.0,1407.7
12877.0,1406.3700000000001
13888.0,1405.92
15611.0,1405.83
12726.0,1405.5
14909.0,1404.68
12765.0,1404.58
14404.0,1404.04
16461.0,1402.91
17075.0,1402.51
17351.0,1401.08
13764.0,1400.2
15658.0,1399.3700000000001
15782.0,1399.36
13813.0,1398.61
16650.0,1397.69
16595.0,1397.59
14875.0,1397.08
16129.0,1396.05
17603.0,1393.66
13647.0,1393.56
16108.0,1393.42
13246.0,1390.23
16755.0,1389.25
15326.0,1388.81
15141.0,1388.47
15732.0,1387.95
14987.0,1387.4499999999998
16167.0,1386.1200000000001
15384.0,1385.38
14758.0,1380.9099999999999
15751.0,1380.44
13074.0,1378.74
17676.0,1378.16
14130.0,1377.86
15392.0,1376.0900000000001
14152.0,1376.05
15580.0,1375.39
14285.0,1374.41
18242.0,1372.72
14651.0,1371.77
14316.0,1370.34
12412.0,1370.05
15795.0,1369.8600000000001
12533.0,1367.89
17018.0,1367.6
16300.0,1367.32
14035.0,1366.73
17071.0,1364.68
13477.0,1364.59
17432.0,1363.23
17728.0,1362.75
15252.0,1362.63
16281.0,1361.96
16588.0,1361.28
16775.0,1361.23
16904.0,1360.31
16085.0,1359.52
16007.0,1359.25
17150.0,1357.95
16835.0,1357.56
12721.0,1356.95
16218.0,1355.29
14905.0,1355.24
17235.0,1354.82
15649.0,1354.35
13753.0,1353.31
15370.0,1352.96
12418.0,1352.62
13662.0,1352.35
14301.0,1352.04
13655.0,1347.54
15865.0,1346.29
14304.0,1341.56
16600.0,1339.89
12711.0,1339.05
12516.0,1336.56
16788.0,1334.54
16017.0,1333.7
14899.0,1331.38
14745.0,1331.15
16569.0,1331.03
16054.0,1327.98
14628.0,1326.04
16221.0,1325.8
14956.0,1325.0
13705.0,1323.47
12347.0,1323.32
12960.0,1322.07
16625.0,1320.95
18276.0,1320.66
13748.0,1320.1
17702.0,1319.67
17666.0,1319.6399999999999
14597.0,1318.3899999999999
12840.0,1315.2
16551.0,1315.0
13946.0,1314.66
16296.0,1313.67
17324.0,1311.64
13012.0,1310.99
13855.0,1310.3400000000001
15272.0,1309.01
18272.0,1307.4
16894.0,1306.96
13649.0,1304.88
16833.0,1302.51
16010.0,1302.46
13276.0,1300.98
14710.0,1300.31
15189.0,1298.99
16119.0,1297.45
18286.0,1296.43
13440.0,1295.25
14346.0,1294.17
15241.0,1293.72
15381.0,1293.72
14499.0,1293.3500000000001
17894.0,1292.39
15279.0,1290.03
17505.0,1289.64
14679.0,1289.44
16608.0,1286.6200000000001
12724.0,1286.11
17348.0,1285.69
15489.0,1285.3300000000002
15058.0,1285.04
17190.0,1281.83
15889.0,1279.6
18188.0,1279.55
14478.0,1276.66
13916.0,1275.81
14490.0,1273.47
13443.0,1273.16
17478.0,1272.8
17582.0,1271.68
13196.0,1271.06
17228.0,1269.8899999999999
17220.0,1269.76
15227.0,1269.0900000000001
15439.0,1269.05
15976.0,1266.77
12809.0,1266.63
17635.0,1265.58
13239.0,1265.1299999999999
16096.0,1264.3500000000001
12599.0,1264.14
17046.0,1264.05
13709.0,1263.7
17714.0,1257.18
16374.0,1256.67
15452.0,1256.63
14506.0,1256.6000000000001
14861.0,1254.94
13531.0,1254.72
15064.0,1254.41
15441.0,1254.21
14236.0,1253.78
15261.0,1253.18
14420.0,1251.65
14068.0,1250.8700000000001
17222.0,1250.86
16716.0,1248.48
12666.0,1248.42
17095.0,1248.09
15339.0,1246.95
13838.0,1245.91
15551.0,1243.75
12635.0,1241.23
17529.0,1240.25
13263.0,1239.27
17259.0,1239.11
16174.0,1237.2
15410.0,1234.88
14006.0,1234.48
13201.0,1233.06
12605.0,1232.95
13740.0,1232.02
14868.0,1230.42
12784.0,1230.33
14821.0,1230.15
13019.0,1229.95
17342.0,1227.54
18151.0,1226.09
15466.0,1225.93
17977.0,1223.31
15764.0,1223.1100000000001
15861.0,1222.28
16946.0,1222.04
17132.0,1220.9099999999999
14430.0,1220.9
16366.0,1220.83
16768.0,1220.48
13118.0,1217.6
16711.0,1217.45
15390.0,1216.66
17870.0,1213.8
14621.0,1212.21
15660.0,1212.13
15377.0,1211.75
17768.0,1210.83
13151.0,1207.34
18171.0,1206.0
15990.0,1205.64
15402.0,1203.77
15164.0,1203.53
16891.0,1202.77
12742.0,1201.52
16817.0,1200.15
15600.0,1199.31
16928.0,1199.08
13410.0,1198.9
17713.0,1198.09
16307.0,1194.92
16450.0,1193.81
13293.0,1192.94
14213.0,1192.2
17797.0,1191.44
16501.0,1191.23
14978.0,1190.82
14127.0,1190.3700000000001
14275.0,1189.3799999999999
18057.0,1188.46
17047.0,1188.33
12664.0,1188.16
16235.0,1186.4
18060.0,1185.46
12562.0,1185.18
16859.0,1184.6
14264.0,1183.39
15259.0,1182.3799999999999
17021.0,1182.22
13526.0,1182.0
13506.0,1180.68
13797.0,1179.45
18025.0,1177.72
17539.0,1176.84
14370.0,1175.78
15379.0,1174.55
13880.0,1171.89
15696.0,1170.1100000000001
14776.0,1170.0
16926.0,1169.6100000000001
13382.0,1164.59
15111.0,1163.39
15347.0,1162.0
16434.0,1161.89
12972.0,1161.2
15101.0,1160.41
13459.0,1160.4099999999999
14189.0,1160.31
17978.0,1159.99
14400.0,1157.77
17127.0,1155.0300000000002
17025.0,1152.87
16770.0,1152.63
16934.0,1152.1100000000001
17306.0,1151.04
14308.0,1147.02
17048.0,1146.33
13878.0,1145.33
17477.0,1144.3
12439.0,1142.88
17908.0,1142.47
18036.0,1142.37
17496.0,1141.84
17284.0,1140.58
16521.0,1140.11
16282.0,1139.28
15586.0,1139.1
15879.0,1137.8
16350.0,1137.42
15253.0,1136.89
13523.0,1136.64
15426.0,1134.85
15561.0,1133.8
13434.0,1132.6200000000001
13393.0,1131.45
14623.0,1130.28
17622.0,1130.21
16848.0,1130.2
17941.0,1128.72
13984.0,1128.09
14671.0,1127.45
12503.0,1126.0
14917.0,1123.75
14692.0,1123.59
18066.0,1122.4
16727.0,1121.45
13800.0,1121.24
12388.0,1120.45
14212.0,1119.6599999999999
13259.0,1119.36
15529.0,1116.72
16027.0,1113.74
17642.0,1112.2
14489.0,1111.55
16369.0,1111.15
16702.0,1110.83
17289.0,1110.78
16654.0,1110.2
15559.0,1109.4
15828.0,1108.82
13055.0,1106.7
17090.0,1105.53
13414.0,1103.64
16040.0,1103.35
17137.0,1099.81
12803.0,1092.81
17726.0,1092.06
17888.0,1091.44
15154.0,1089.44
16223.0,1087.05
14708.0,1085.91
14021.0,1084.68
16043.0,1082.6000000000001
17227.0,1081.8600000000001
14343.0,1079.66
13567.0,1079.29
15546.0,1079.1000000000001
16239.0,1078.0
17002.0,1077.82
17366.0,1077.24
14332.0,1077.2
13760.0,1076.85
13299.0,1076.2
16231.0,1074.47
16756.0,1072.97
13579.0,1072.0
12801.0,1071.82
14080.0,1070.08
18277.0,1069.67
16777.0,1069.56
15652.0,1068.2
18118.0,1068.05
16042.0,1067.85
17345.0,1066.94
17343.0,1066.3
14524.0,1066.03
14935.0,1065.12
16205.0,1062.48
13803.0,1061.84
15484.0,1061.69
17421.0,1059.41
15506.0,1058.25
14984.0,1058.1399999999999
14306.0,1058.0800000000002
16244.0,1056.63
14734.0,1056.42
13065.0,1055.05
16531.0,1053.74
16391.0,1052.26
16725.0,1052.14
16825.0,1051.71
17288.0,1050.8
13775.0,1049.66
12970.0,1048.13
17474.0,1047.0
14229.0,1046.84
13890.0,1043.57
16991.0,1041.21
17560.0,1040.85
13613.0,1039.8500000000001
14847.0,1039.55
14541.0,1038.03
13884.0,1037.43
12486.0,1037.28
13240.0,1036.21
17974.0,1035.1
17438.0,1034.32
15149.0,1033.81
16083.0,1033.8
12402.0,1031.3
17454.0,1030.41
12933.0,1029.1
13417.0,1028.66
15887.0,1027.15
15003.0,1027.03
17126.0,1026.98
12908.0,1026.0
17310.0,1025.1
17567.0,1024.55
14912.0,1021.4
13610.0,1021.38
16568.0,1020.9000000000001
14480.0,1020.47
18074.0,1019.44
18106.0,1019.16
14631.0,1018.71
12905.0,1018.42
15774.0,1017.54
16787.0,1017.53
13641.0,1016.47
13333.0,1015.74
18252.0,1015.42
12875.0,1013.76
13375.0,1013.58
17655.0,1013.54
17236.0,1013.13
17004.0,1012.22
17540.0,1011.7
13039.0,1010.73
17321.0,1008.05
16979.0,1007.74
15771.0,1006.54
17341.0,1006.53
16527.0,1004.88
16435.0,1003.0699999999999
15373.0,1002.9300000000001
13462.0,1002.35
16807.0,1002.29
13857.0,1001.01
14255.0,1000.63
17984.0,999.51
17878.0,999.48
16586.0,998.83
13965.0,996.61
14829.0,995.29
16699.0,994.6
13723.0,994.23
13821.0,993.44
14693.0,992.46
13939.0,992.41
15186.0,991.7900000000001
12577.0,990.5
13559.0,990.0
15176.0,988.04
16130.0,987.48
14585.0,986.22
14643.0,986.08
12862.0,984.62
14276.0,982.94
14479.0,982.86
14538.0,982.59
16016.0,980.91
17695.0,980.7
12543.0,980.25
14510.0,979.85
14230.0,979.8000000000001
15882.0,979.62
17369.0,979.1999999999999
14114.0,977.5600000000001
14454.0,977.3
13591.0,976.8100000000001
13919.0,975.87
18071.0,975.63
17456.0,975.5600000000001
16214.0,975.5
17290.0,974.95
12525.0,973.73
12694.0,973.68
13497.0,972.28
17268.0,970.25
17531.0,970.12
15708.0,969.19
16254.0,967.44
13204.0,966.6600000000001
14443.0,966.27
16471.0,966.03
15084.0,965.2
12425.0,964.21
18193.0,963.59
17515.0,963.49
15468.0,962.97
15906.0,962.5
16340.0,961.93
15268.0,961.9000000000001
13587.0,961.1
14553.0,959.33
14715.0,958.0699999999999
12675.0,957.25
18085.0,955.8000000000001
12505.0,955.2
15430.0,954.75
15822.0,954.59
12778.0,953.45
14615.0,951.76
16292.0,951.51
12767.0,949.82
15177.0,948.93
12874.0,948.42
17585.0,948.03
16889.0,947.98
17950.0,947.26
16359.0,946.83
14994.0,946.72
13778.0,945.79
17544.0,944.82
15826.0,943.97
16199.0,942.75
18149.0,941.88
14512.0,940.69
13539.0,938.02
15192.0,937.07
17020.0,935.62
16372.0,934.58
14544.0,934.23
15117.0,934.19
15792.0,933.84
13863.0,933.77
16661.0,932.76
12396.0,931.43
13465.0,931.12
14723.0,927.89
13288.0,927.61
16975.0,926.12
12745.0,925.41
14573.0,925.3
12909.0,924.52
17862.0,923.99
15734.0,923.85
15579.0,923.03
17322.0,922.59
14605.0,921.5600000000001
16915.0,921.5
17363.0,920.46
12998.0,920.08
14568.0,919.7
13872.0,919.57
12368.0,917.6999999999999
13304.0,917.57
14061.0,917.4300000000001
14379.0,917.06
12553.0,916.47
14839.0,915.28
14665.0,913.95
13402.0,913.9000000000001
18241.0,913.9
13300.0,913.62
15807.0,913.62
13787.0,913.46
18236.0,913.11
17871.0,913.05
18062.0,912.15
16138.0,910.35
14754.0,909.88
14199.0,906.3
14969.0,906.23
15661.0,906.15
16774.0,905.96
16987.0,904.6
17578.0,903.87
14414.0,902.35
14853.0,901.0699999999999
13295.0,900.77
16895.0,900.63
14427.0,900.1800000000001
15710.0,898.87
13249.0,897.52
14619.0,896.8000000000001
17990.0,896.77
16266.0,896.06
13996.0,895.76
18022.0,894.53
13278.0,893.12
16115.0,892.92
16358.0,892.1500000000001
14065.0,891.02
15824.0,890.94
15140.0,889.44
14813.0,888.91
12591.0,886.1
16623.0,885.79
16228.0,885.71
13124.0,885.33
17101.0,885.3199999999999
14609.0,884.64
16159.0,884.59
12997.0,884.02
14220.0,882.5999999999999
18141.0,882.47
16830.0,881.59
13761.0,881.52
14966.0,881.24
17143.0,880.97
14700.0,880.96
16677.0,880.62
17368.0,879.42
14612.0,877.7
13782.0,877.22
16256.0,876.9399999999999
13768.0,875.97
18177.0,875.45
14204.0,874.22
14437.0,873.34
13395.0,872.51
15886.0,871.78
14375.0,871.26
17244.0,871.14
13900.0,869.64
14320.0,868.96
14198.0,868.33
15664.0,867.6
17167.0,867.11
17966.0,865.49
16287.0,864.48
12791.0,863.51
14901.0,860.11
14372.0,860.08
13891.0,859.21
12440.0,859.2
17043.0,858.47
14206.0,856.85
16794.0,856.1999999999999
17161.0,856.01
15542.0,855.71
15992.0,854.61
14389.0,854.55
13945.0,854.15
12399.0,853.65
17006.0,853.49
17201.0,853.3199999999999
14686.0,852.53
12696.0,851.91
16906.0,851.33
16317.0,850.86
16574.0,850.34
13897.0,849.56
15784.0,848.3299999999999
14202.0,847.76
12693.0,847.11
18136.0,847.03
13970.0,846.55
15210.0,845.01
12993.0,844.87
14922.0,843.74
14265.0,843.17
17638.0,842.4
16511.0,842.16
16099.0,841.3
16798.0,841.16
14355.0,840.0500000000001
18247.0,839.73
17332.0,838.27
15471.0,837.53
14894.0,837.0600000000001
17382.0,836.88
13795.0,836.3
13386.0,835.46
17659.0,835.33
15190.0,834.4399999999999
13976.0,834.38
12903.0,833.53
14885.0,832.8
17429.0,832.54
16140.0,832.4200000000001
14224.0,831.98
13566.0,831.76
13175.0,831.45
17671.0,830.63
12458.0,830.09
12730.0,829.25
15617.0,828.5500000000001
17003.0,828.21
15021.0,826.91
12576.0,826.89
12639.0,826.27
12695.0,825.02
15133.0,824.48
14260.0,824.28
16264.0,823.53
15137.0,823.4
13476.0,823.0
18181.0,821.49
16246.0,821.35
17683.0,819.01
16048.0,818.7900000000001
13612.0,818.29
15074.0,817.46
16430.0,817.09
15180.0,816.9300000000001
12393.0,816.85
14872.0,816.6
15269.0,816.56
13294.0,815.79
14556.0,815.69
17790.0,815.11
16809.0,812.74
12915.0,811.1
15912.0,810.08
18096.0,808.81
17239.0,806.95
13223.0,805.9200000000001
17866.0,805.3000000000001
13145.0,805.0
12632.0,804.88
16491.0,801.66
17023.0,800.18
13041.0,799.13
12842.0,799.0
16175.0,798.85
17135.0,798.03
15309.0,797.96
15197.0,797.9
17281.0,797.8499999999999
16155.0,796.9
15105.0,795.98
17179.0,795.47
14055.0,795.3199999999999
12648.0,793.95
17746.0,793.9300000000001
14075.0,792.61
16955.0,790.74
13140.0,790.71
16472.0,789.6
14618.0,788.88
17952.0,788.46
12785.0,788.45
16387.0,788.1
15254.0,787.99
13770.0,785.37
13541.0,785.25
16784.0,784.73
13595.0,784.48
13415.0,784.17
12761.0,782.95
17609.0,782.12
13287.0,781.59
16493.0,780.46
16958.0,778.49
13155.0,778.42
16049.0,777.34
15794.0,777.0
17482.0,775.64
15574.0,774.84
12370.0,774.62
16384.0,774.4499999999999
14522.0,773.8800000000001
14687.0,773.6800000000001
16861.0,772.83
15850.0,771.87
18196.0,770.56
14226.0,770.34
16092.0,770.08
17801.0,770.03
14838.0,769.9200000000001
16676.0,769.78
12449.0,768.6
17356.0,768.25
12379.0,767.98
15331.0,767.91
17545.0,767.54
14820.0,767.47
17987.0,766.87
16386.0,765.59
12847.0,765.36
12670.0,764.24
12423.0,763.08
12373.0,763.0500000000001
12426.0,762.48
15994.0,761.4100000000001
14565.0,760.1
13989.0,759.98
13023.0,759.13
14947.0,758.97
15809.0,758.67
13208.0,758.65
15908.0,758.62
13026.0,757.72
17854.0,757.24
14326.0,757.13
16769.0,755.51
16262.0,755.15
13370.0,754.87
18179.0,754.38
13856.0,753.53
12987.0,753.51
13049.0,751.5600000000001
16071.0,750.5600000000001
16638.0,749.8100000000001
14484.0,749.0600000000001
16972.0,749.0
13108.0,748.46
17492.0,747.85
13614.0,747.28
14942.0,746.56
16465.0,746.24
16451.0,746.1800000000001
14714.0,746.05
14228.0,745.5
16172.0,744.34
12588.0,743.88
15420.0,743.0
14302.0,742.9000000000001
18275.0,741.85
17734.0,741.69
16344.0,741.3199999999999
16593.0,741.11
13589.0,741.09
17764.0,741.02
13713.0,740.76
13727.0,740.6700000000001
15723.0,740.0
17525.0,739.2
16183.0,739.1
15605.0,738.57
15070.0,737.0500000000001
16075.0,736.9300000000001
17787.0,736.28
13286.0,734.91
13617.0,734.57
12537.0,732.94
15266.0,732.91
17633.0,732.55
18116.0,731.38
13363.0,731.36
16496.0,731.25
17681.0,731.2
13921.0,730.7
14248.0,730.37
18163.0,728.84
17756.0,728.75
12786.0,728.5
17547.0,727.85
17141.0,727.58
14871.0,726.89
17530.0,725.21
17624.0,725.15
18187.0,724.89
13729.0,724.73
16354.0,723.66
12703.0,722.98
13264.0,722.5600000000001
16907.0,722.0500000000001
13937.0,721.28
15695.0,721.06
15636.0,719.82
17499.0,718.51
15157.0,718.04
13537.0,717.85
13604.0,717.62
16269.0,717.57
17860.0,717.39
14315.0,716.69
15777.0,715.5
15845.0,714.51
14026.0,713.11
17158.0,713.03
16227.0,713.0
16468.0,712.62
17362.0,711.8100000000001
14167.0,711.7
14474.0,711.23
15322.0,711.18
17649.0,710.4
13057.0,709.59
12485.0,708.1
14398.0,707.79
13466.0,705.45
16726.0,705.14
13296.0,705.11
14584.0,705.1
18084.0,704.75
14284.0,704.4
17886.0,703.27
15970.0,703.22
14902.0,702.96
13439.0,702.9
17825.0,701.96
16693.0,701.62
14324.0,701.61
13656.0,699.2
17142.0,696.25
15995.0,694.54
13922.0,692.95
15608.0,692.3
14551.0,691.86
14890.0,691.6
16658.0,690.83
15235.0,690.3000000000001
14037.0,689.75
17834.0,689.6700000000001
15814.0,689.11
14350.0,689.1
14696.0,688.95
14321.0,687.3100000000001
14809.0,686.76
14953.0,685.65
13585.0,684.54
15207.0,683.9200000000001
13987.0,682.54
16407.0,681.97
13134.0,681.65
18271.0,680.85
15973.0,680.62
13029.0,679.8
14151.0,679.45
17237.0,679.44
13320.0,679.4
17782.0,679.02
16646.0,678.8
14182.0,678.77
16903.0,678.55
13814.0,678.2
15363.0,678.11
17349.0,674.16
16614.0,673.6
14583.0,673.33
16411.0,673.24
14142.0,671.34
14139.0,670.98
17080.0,669.91
15428.0,668.97
12866.0,668.23
16996.0,666.6500000000001
14932.0,666.13
15356.0,664.66
16132.0,664.1999999999999
16704.0,664.16
13583.0,664.001
13514.0,663.7
16679.0,663.31
13864.0,662.4000000000001
16862.0,662.33
15223.0,662.2
14425.0,661.39
17796.0,661.04
17081.0,660.48
15097.0,660.27
14477.0,660.0
15393.0,659.48
17463.0,659.4
14460.0,659.16
13622.0,658.95
13433.0,658.3199999999999
17490.0,658.18
15715.0,658.02
14412.0,656.16
14558.0,655.5
13285.0,655.47
16723.0,654.96
16037.0,654.32
15713.0,654.09
15289.0,653.3100000000001
13820.0,652.75
15549.0,652.7
14423.0,651.41
13840.0,651.4
13781.0,650.99
15303.0,650.16
13873.0,649.32
15677.0,648.4
17411.0,646.44
15945.0,646.27
17062.0,645.8100000000001
17513.0,645.6
14450.0,645.19
17380.0,645.0
17323.0,644.52
14413.0,643.47
17963.0,643.16
13237.0,643.0
17221.0,642.14
17629.0,641.4
13405.0,641.36
16884.0,641.13
17155.0,640.76
14563.0,640.54
14078.0,640.34
12880.0,640.13
12868.0,640.0
15183.0,639.93
15639.0,639.76
15114.0,639.56
17998.0,639.24
17172.0,638.81
16692.0,638.6999999999999
16428.0,638.49
17926.0,638.2
12699.0,638.11
14087.0,638.0
16441.0,637.93
16680.0,637.75
13435.0,637.44
12580.0,637.2
16534.0,635.9
13243.0,635.26
14662.0,635.06
14365.0,634.68
13892.0,634.68
14794.0,633.99
17604.0,633.02
15666.0,632.9399999999999
12457.0,632.68
13540.0,632.39
16377.0,632.28
17360.0,632.27
17123.0,631.87
17760.0,631.34
17038.0,630.77
16805.0,630.75
14920.0,629.4
16931.0,629.4
16198.0,629.36
14283.0,628.4399999999999
16158.0,628.32
16952.0,628.22
16846.0,628.09
17548.0,627.96
13480.0,627.82
17951.0,627.5400000000001
12494.0,626.77
15385.0,625.2
14549.0,624.36
13776.0,623.98
17282.0,623.08
16781.0,623.0
12575.0,622.8199999999999
14115.0,622.6700000000001
17005.0,622.36
16712.0,621.5600000000001
15068.0,621.54
14169.0,621.51
14924.0,620.96
15107.0,620.85
17708.0,620.85
13836.0,620.37
15247.0,620.06
12673.0,619.5
13513.0,619.49
18283.0,619.37
13444.0,619.08
13020.0,618.96
15025.0,617.83
14455.0,617.72
15956.0,617.6
17464.0,617.1800000000001
15996.0,617.07
14247.0,616.79
17205.0,615.27
16844.0,614.34
13573.0,614.27
15797.0,613.6800000000001
16345.0,613.33
15362.0,613.08
12855.0,612.84
14929.0,612.8100000000001
15651.0,612.76
17350.0,612.381
16660.0,611.9000000000001
14013.0,611.5500000000001
16922.0,611.08
17193.0,610.74
13104.0,610.62
15243.0,610.6
13988.0,609.84
16675.0,608.86
15587.0,608.4000000000001
13627.0,607.43
17473.0,607.0
15201.0,606.4100000000001
14020.0,606.21
16590.0,605.9
16720.0,605.79
15730.0,605.7
14904.0,605.05
14611.0,604.3299999999999
18058.0,603.9
13359.0,603.75
16212.0,603.37
18264.0,603.25
14657.0,601.97
13598.0,601.92
17270.0,601.4499999999999
14254.0,601.03
17745.0,600.34
17869.0,599.78
16565.0,599.35
12923.0,597.6
15573.0,597.23
14725.0,597.16
15631.0,596.67
13602.0,596.28
17176.0,596.1899999999999
17845.0,596.09
17209.0,595.7
16121.0,595.38
14771.0,594.62
13101.0,594.21
15929.0,594.0
14746.0,593.5
14699.0,593.47
15483.0,592.56
13472.0,592.24
17815.0,591.96
17156.0,591.87
12403.0,591.6600000000001
17098.0,591.0699999999999
18079.0,590.78
17968.0,590.4399999999999
13270.0,590.0
18173.0,589.52
18239.0,588.75
15416.0,588.5
14624.0,588.22
15191.0,588.05
14550.0,587.69
14729.0,586.24
15400.0,586.1
12800.0,584.25
17041.0,583.71
15478.0,583.56
16001.0,583.39
16100.0,582.64
16802.0,582.61
17099.0,582.17
15988.0,582.11
12514.0,580.08
15026.0,579.89
14742.0,579.85
15038.0,579.67
15588.0,579.6
14382.0,578.14
15759.0,577.8900000000001
18108.0,577.8100000000001
17773.0,575.37
12859.0,575.1
15637.0,574.23
17924.0,574.2
13424.0,572.77
13804.0,572.73
13179.0,572.3100000000001
14893.0,571.76
13233.0,571.34
16838.0,570.76
13190.0,570.66
14170.0,570.18
17189.0,569.88
15169.0,569.22
13406.0,568.92
13980.0,568.68
18244.0,568.64
18135.0,567.71
17212.0,567.5600000000001
15627.0,566.9
15076.0,566.89
13998.0,566.7
15091.0,565.9
17555.0,565.43
17962.0,564.55
14986.0,563.1
17665.0,563.1
13936.0,563.08
17195.0,562.98
17664.0,561.59
13064.0,561.25
17159.0,560.71
16306.0,560.55
16961.0,560.39
17413.0,560.14
13245.0,558.72
13832.0,557.6899999999999
12573.0,556.87
13024.0,555.87
16668.0,555.7
14508.0,554.87
17521.0,554.85
15102.0,554.67
15650.0,553.88
15948.0,553.85
14157.0,553.8000000000001
17407.0,552.9
17016.0,552.4
14891.0,552.35
12797.0,552.08
16278.0,551.46
13677.0,551.24
14798.0,550.5699999999999
13479.0,550.42
17194.0,549.88
16367.0,549.8100000000001
16111.0,549.33
15900.0,549.29
15224.0,549.28
15055.0,549.12
15200.0,549.05
15842.0,548.8
16947.0,548.73
14447.0,548.5
18039.0,548.22
15350.0,547.6
15584.0,547.34
18035.0,546.34
15080.0,546.25
12990.0,546.0
17889.0,545.05
15728.0,544.6
18207.0,544.47
14219.0,543.89
16211.0,543.5699999999999
17852.0,543.47
15959.0,542.89
13785.0,542.49
16060.0,541.95
15535.0,541.47
13168.0,541.14
16576.0,540.87
12819.0,540.52
17935.0,540.35
12507.0,539.25
16392.0,538.81
13961.0,538.4
17561.0,537.9
13712.0,537.58
15799.0,537.1999999999999
15562.0,536.88
18140.0,536.41
17919.0,536.28
14805.0,536.15
16916.0,536.04
15890.0,535.65
12810.0,534.99
16204.0,534.53
16785.0,533.78
17709.0,533.56
16707.0,533.41
18154.0,533.41
16872.0,533.11
16810.0,532.5
14940.0,531.49
17034.0,530.9
16935.0,530.86
16836.0,530.5
13898.0,530.47
15800.0,530.18
13684.0,529.75
12734.0,529.25
17251.0,529.15
12837.0,528.5600000000001
18098.0,527.94
14104.0,527.3199999999999
15646.0,526.97
13106.0,526.96
16421.0,526.27
12817.0,524.94
18006.0,524.83
14417.0,524.65
13809.0,524.65
13070.0,522.9
13605.0,522.67
15028.0,521.78
17198.0,521.66
16203.0,521.64
17373.0,520.58
17591.0,519.95
13977.0,519.8100000000001
12777.0,519.45
12811.0,519.05
12825.0,518.63
15152.0,518.14
12979.0,517.7
17397.0,516.87
13220.0,516.8
14429.0,516.28
15766.0,516.0
18243.0,515.78
14949.0,515.0
13544.0,514.14
16792.0,513.08
17325.0,512.77
15181.0,510.72
13367.0,510.20000000000005
15110.0,509.75
12891.0,509.5
14008.0,509.04
18001.0,509.01
12907.0,508.91
13388.0,508.55
15396.0,508.20000000000005
14738.0,507.45
13123.0,506.75
17639.0,506.67
15870.0,506.02
13094.0,505.8
16419.0,504.99
13255.0,504.95
13138.0,504.85
14577.0,504.44
14807.0,504.14
13045.0,503.64
12376.0,503.15
12419.0,503.01
15138.0,502.52
17276.0,502.49
15462.0,502.45
17226.0,501.97999999999996
18049.0,500.92
12366.0,500.24
17358.0,500.2
13553.0,499.6
12953.0,498.96000000000004
14656.0,498.95
16222.0,498.5
15109.0,498.15000000000003
13368.0,498.1
13569.0,497.74
13000.0,497.65000000000003
14741.0,497.25
17335.0,497.04
12943.0,496.5
16415.0,496.49
17572.0,496.26000000000005
16898.0,496.26
15278.0,496.15999999999997
16977.0,496.0
14818.0,495.76
16863.0,495.72
14319.0,494.85
15314.0,492.47999999999996
15957.0,492.36
14310.0,492.1
17269.0,491.81
15276.0,491.17
14663.0,490.6
16639.0,490.47
12450.0,490.32
17255.0,490.21999999999997
12983.0,490.08000000000004
12634.0,490.0
17476.0,489.86
17691.0,489.65000000000003
17616.0,489.59999999999997
13502.0,488.5
15599.0,488.32
17045.0,488.24
12355.0,488.21000000000004
15165.0,487.75
16298.0,487.5
13412.0,487.34999999999997
13733.0,487.03000000000003
16021.0,487.03
13005.0,485.98
14834.0,485.86
17420.0,485.6
16834.0,485.5
12443.0,485.31
14272.0,482.85
16943.0,482.76
17996.0,482.33
12542.0,481.88
17106.0,481.58
18218.0,479.91999999999996
13745.0,477.32
13484.0,476.92
18016.0,476.90000000000003
14788.0,476.88
16139.0,475.74
17329.0,475.42
16518.0,475.05
12977.0,474.64
14322.0,474.1
17104.0,474.03
16385.0,473.69
16034.0,473.62
15071.0,473.49
16635.0,473.0
12793.0,471.85
14600.0,471.84000000000003
16447.0,471.19
14237.0,471.14
13959.0,470.73
17631.0,470.16
17430.0,469.40999999999997
14058.0,469.19
14369.0,469.13
17731.0,468.88
15387.0,468.65
12554.0,468.5
17294.0,467.78999999999996
16390.0,467.5
12958.0,467.34
13601.0,466.67
14126.0,466.33000000000004
16887.0,465.84000000000003
13103.0,465.70000000000005
17051.0,465.6
15748.0,465.45000000000005
17958.0,465.42
17274.0,465.4
15406.0,465.15999999999997
13546.0,465.15
18083.0,463.53
16739.0,463.43
14627.0,462.75
13512.0,462.18
13624.0,462.08
18284.0,461.68
18190.0,461.16
15969.0,460.95
16110.0,460.64
16310.0,460.08
13166.0,458.73
14118.0,458.45
14958.0,458.26
13957.0,458.25
17849.0,457.96000000000004
14599.0,457.89
14011.0,457.82
16069.0,457.7
16412.0,457.2
17707.0,456.90000000000003
15717.0,456.70000000000005
14296.0,456.40000000000003
16039.0,456.4
17298.0,455.84000000000003
13699.0,455.57
15264.0,454.66
17067.0,454.54
12459.0,454.36
15714.0,453.93
16014.0,453.45
16481.0,453.38
16799.0,452.78000000000003
15921.0,452.23
12492.0,452.0
13698.0,451.73
18100.0,451.56
18031.0,451.3
15961.0,451.28999999999996
15016.0,450.85
16870.0,450.15999999999997
13150.0,449.96999999999997
13626.0,449.81
15126.0,449.49
15418.0,449.42
17823.0,449.25
18201.0,447.53000000000003
13784.0,447.44
16095.0,447.05
14108.0,447.05
13948.0,446.76
14810.0,446.59
14201.0,446.1
14010.0,445.15
14328.0,445.05
18134.0,445.0
12788.0,444.9
15645.0,443.16
16500.0,443.05
13846.0,442.73
13035.0,442.32
14996.0,442.28999999999996
17699.0,442.0
17759.0,441.92
17643.0,439.7
13086.0,439.33000000000004
13432.0,439.1
13964.0,438.9
17729.0,438.65000000000003
15859.0,438.46
17807.0,437.87
14846.0,437.4
12945.0,437.16
14123.0,436.18
16166.0,435.83
16643.0,435.6
13738.0,434.78000000000003
15323.0,434.6
15691.0,434.5
16601.0,434.3
16888.0,434.2
17223.0,433.99
16939.0,433.85
18029.0,433.77
16948.0,433.75
15613.0,433.71999999999997
16522.0,433.36
15847.0,433.3
17027.0,433.07
17178.0,432.96
17687.0,432.68
16604.0,432.45
17122.0,432.18
14042.0,431.98
15160.0,431.11
15525.0,430.78
17842.0,430.69
15012.0,429.78
15461.0,429.7
13165.0,429.68
14979.0,429.66
13413.0,429.44
13242.0,429.0
18089.0,428.45
18262.0,428.06
18285.0,427.0
17740.0,426.9
16526.0,426.85
18152.0,426.69
15966.0,426.53000000000003
12792.0,426.47
12475.0,426.26
15217.0,426.24
14877.0,425.85
16414.0,424.96000000000004
16899.0,424.71000000000004
13453.0,424.71
16978.0,424.55
17103.0,424.3
13441.0,424.26
17867.0,424.18
16541.0,424.03
13427.0,423.93
14595.0,423.85
14381.0,423.26
14097.0,422.85999999999996
13374.0,422.8
16137.0,422.7
14690.0,422.63
12808.0,422.45
13807.0,422.2
16117.0,422.19
16847.0,421.45000000000005
16765.0,420.75
18112.0,420.67
17423.0,420.54
15711.0,420.25
14575.0,420.22
13442.0,419.87
13474.0,419.75
13096.0,419.70000000000005
17995.0,419.38
14675.0,419.22
17648.0,418.87
13073.0,418.08
12616.0,417.8
16737.0,417.59999999999997
17258.0,417.3
16332.0,417.21000000000004
16226.0,417.05
15011.0,416.6
16355.0,416.35
12608.0,415.79
13292.0,415.57
14208.0,415.31
17805.0,414.72
16178.0,414.7
12956.0,413.82
15872.0,413.0
17662.0,412.92
13194.0,412.08
14712.0,411.0
15960.0,410.95
18011.0,410.79
17109.0,410.42
17598.0,409.98
16864.0,409.25
13310.0,409.17
17285.0,407.94
15917.0,407.07
17163.0,406.68
14775.0,406.56
16632.0,406.4
17000.0,406.3
12741.0,406.07
16815.0,406.02
18111.0,405.85
17812.0,405.48
13143.0,405.1
15941.0,405.0
13640.0,405.0
14403.0,404.7
15968.0,404.55
13752.0,404.45000000000005
13574.0,404.45
14009.0,404.3
14678.0,403.39
13530.0,402.97999999999996
13030.0,402.36
16250.0,401.94
17076.0,401.66999999999996
15920.0,401.64
14471.0,400.95
17011.0,400.8
17817.0,400.46999999999997
13607.0,400.3
17168.0,400.2
14358.0,400.06
15501.0,399.95
14452.0,399.9
15446.0,399.75
18101.0,399.61
13252.0,399.3
18128.0,399.29
12787.0,398.52
15037.0,397.76
16418.0,397.62
14793.0,396.91
13597.0,396.71
17918.0,396.39
14570.0,395.69
13879.0,395.5
12677.0,395.1
16538.0,395.07
16980.0,394.37
17524.0,394.14
12499.0,393.72
17300.0,393.64
13067.0,393.05
17955.0,392.6
17563.0,392.38
17615.0,392.2
16827.0,392.13
16783.0,391.95
15626.0,391.72
14072.0,390.85
14197.0,390.05
12414.0,390.0
17116.0,389.78
15216.0,389.49
18078.0,389.40000000000003
17479.0,389.26000000000005
15620.0,389.18
16642.0,389.12
17827.0,388.84
13896.0,388.55
12527.0,386.8
12519.0,385.7
16492.0,385.56
12973.0,385.55
12889.0,385.46000000000004
16080.0,385.40000000000003
14826.0,385.2
17617.0,385.19
15837.0,385.03000000000003
16868.0,384.56
13966.0,384.26
15155.0,383.96999999999997
17804.0,383.78000000000003
17361.0,383.59000000000003
18221.0,383.33
15211.0,383.07
14767.0,382.81
13008.0,382.66
15341.0,382.2
16648.0,382.14
17753.0,382.06
16304.0,381.66
17393.0,381.15
17903.0,381.09000000000003
12796.0,381.0
16577.0,380.0
15219.0,379.7
14200.0,379.2
16535.0,378.28999999999996
15198.0,377.71
12941.0,377.49
17717.0,376.92
16544.0,376.70000000000005
13997.0,376.46
14531.0,376.34
14681.0,376.20000000000005
13688.0,375.5
14294.0,375.34
13515.0,374.7
17568.0,374.45
14736.0,374.05
16406.0,374.01
16330.0,373.46999999999997
14083.0,373.3
13262.0,373.16
17810.0,373.16
15337.0,373.02
13197.0,373.01000000000005
12346.0,372.86
13164.0,372.2
13780.0,372.06
18162.0,371.51
15765.0,370.63
14168.0,370.45
17480.0,370.40999999999997
17233.0,369.98
14569.0,369.94
17437.0,369.68
15922.0,369.5
15287.0,369.34000000000003
14172.0,369.02
15257.0,368.75
15477.0,368.4
17792.0,368.35
15989.0,368.31
16714.0,368.27
14706.0,367.54
14018.0,367.15000000000003
14244.0,366.41999999999996
12899.0,366.4
17880.0,366.0
18160.0,365.82
16974.0,365.5
15029.0,365.1
13545.0,364.93
15915.0,364.45
17097.0,363.66
14253.0,363.40000000000003
12871.0,363.38
14122.0,362.42
13274.0,360.85
18091.0,360.85
17012.0,360.61
17945.0,360.35
18208.0,360.08
15008.0,360.0
13181.0,359.69
14926.0,359.4
13161.0,359.38
14919.0,359.35
13927.0,359.27
17748.0,358.15
15958.0,357.77
16606.0,357.66
15595.0,357.6
12495.0,357.4
14240.0,357.15
14193.0,356.8
17200.0,356.71
12996.0,355.5
16920.0,355.45
14268.0,354.85
14968.0,353.65
18003.0,353.51
16382.0,353.1
16763.0,352.85
13765.0,352.821
16857.0,352.8
16445.0,352.65
14022.0,352.15000000000003
14859.0,351.9
16274.0,351.75
17749.0,351.66
16192.0,351.3
14252.0,350.99
13281.0,350.85
16545.0,350.52
16476.0,350.35
15504.0,349.87
13689.0,349.5
14545.0,349.25
17577.0,348.75
15282.0,348.59
13700.0,348.34
16263.0,348.16
12760.0,347.8
14672.0,347.59
15085.0,347.54
13109.0,347.49
12411.0,346.9
13862.0,346.73
17780.0,346.56
13234.0,346.5
15174.0,345.71
17934.0,344.90000000000003
18199.0,344.75
15519.0,344.61
12352.0,343.8
14552.0,343.71
15346.0,343.7
13550.0,342.55
14989.0,342.4
14724.0,341.9
16585.0,341.59
16259.0,340.94
16044.0,340.84000000000003
15488.0,340.6
15818.0,340.5
15855.0,340.48
12900.0,340.33
14338.0,339.88
12698.0,339.75
14203.0,339.34
14176.0,339.11
14048.0,338.76
14630.0,338.65
17833.0,338.46000000000004
17999.0,338.41
14998.0,338.31
17296.0,338.13
15447.0,337.71000000000004
12869.0,337.66999999999996
18050.0,337.66
12780.0,337.4
13686.0,337.04
17299.0,336.62
17110.0,336.59999999999997
13258.0,336.59999999999997
17488.0,336.5
15901.0,335.99
15469.0,335.7
16141.0,335.54
18034.0,335.52
17821.0,334.62
14873.0,334.45
13167.0,333.82
17607.0,333.81
16234.0,333.18
14137.0,332.7
13877.0,332.44
14513.0,332.42
16452.0,332.17
18203.0,332.1
17435.0,331.35
13981.0,331.14
15683.0,330.79
15878.0,330.77
17776.0,330.56
12807.0,330.35
15938.0,330.23
13010.0,330.12
12850.0,330.0
18186.0,329.58
16596.0,329.48
17518.0,329.42
12890.0,329.3
15979.0,329.22
13710.0,329.04
15880.0,329.03000000000003
16286.0,328.95
16348.0,328.77
17334.0,328.13
16647.0,327.84
17196.0,327.75
16519.0,327.68
15735.0,327.68
16109.0,327.6
13498.0,327.38
17152.0,327.0
17744.0,326.74
12460.0,326.65
13646.0,326.25
18047.0,326.09
13703.0,326.06
17439.0,325.74
12804.0,325.37
17580.0,325.3
13661.0,325.24
15982.0,324.51
12946.0,324.45
13834.0,324.19
17883.0,324.08
12920.0,323.86
16715.0,323.8
16641.0,323.40000000000003
13025.0,323.39
18217.0,323.29
16195.0,323.25
16856.0,323.09000000000003
14263.0,322.93
14832.0,322.69
12844.0,322.64
15726.0,321.91
18090.0,321.9
13111.0,321.88000000000005
17976.0,321.79
16880.0,321.78
17864.0,321.72
17471.0,321.65000000000003
14070.0,321.6
18191.0,321.59999999999997
15770.0,321.45
12361.0,321.35
17182.0,321.3
16224.0,321.24
17169.0,320.95
12410.0,320.38
16683.0,320.25
12763.0,320.08
13942.0,320.0
13046.0,319.94
13843.0,319.75
16436.0,319.14
15092.0,318.65
16273.0,318.34000000000003
13717.0,318.29
15682.0,318.24
14851.0,318.06
14024.0,318.04
18253.0,317.88
12353.0,317.76
17436.0,317.76
15616.0,317.11
17689.0,317.08
16122.0,316.92
13833.0,316.56
12529.0,316.48
16829.0,316.1
16193.0,315.98
17121.0,314.74
13859.0,314.7
14991.0,314.67
18206.0,314.65999999999997
18070.0,314.1
15873.0,313.91999999999996
15196.0,313.7
13087.0,313.64
18189.0,313.49
17514.0,313.35
17680.0,313.05
13639.0,312.93
15162.0,312.9
15128.0,312.68
13905.0,312.65
16261.0,312.62
17326.0,312.35
14053.0,312.05
14094.0,311.77
15530.0,311.37
15634.0,311.1
16328.0,310.83
13400.0,310.83
14339.0,310.75
15405.0,310.74
14216.0,310.74
13847.0,310.72
16439.0,310.70000000000005
14848.0,310.56
16913.0,310.46999999999997
15188.0,310.43
16148.0,310.3
13315.0,310.26
14749.0,310.15
13628.0,310.14
14231.0,309.91
16424.0,309.5
16373.0,309.49
17495.0,309.16
14722.0,309.1
14148.0,309.09000000000003
16194.0,308.59999999999997
14181.0,308.35
13369.0,308.28000000000003
14927.0,308.2
15302.0,308.0
13289.0,307.95
15778.0,307.95
14777.0,307.56
18280.0,307.55
15598.0,307.34
14783.0,307.3
17721.0,307.21000000000004
13158.0,307.12
13036.0,307.1
13660.0,306.64
16649.0,306.58000000000004
14753.0,306.36
16524.0,306.19
17077.0,306.0
13238.0,305.9
14133.0,305.5
15893.0,305.28000000000003
13383.0,305.28000000000003
15127.0,304.97
15951.0,304.95
17579.0,304.38
17688.0,304.2
15143.0,304.18
14990.0,304.17
12947.0,304.04
16489.0,303.7
14791.0,303.63
12427.0,303.5
17033.0,302.65000000000003
14043.0,302.6
15242.0,302.04
16135.0,301.9
17678.0,301.65
12445.0,301.58000000000004
13773.0,301.54
13625.0,301.26
16437.0,301.25
12351.0,300.93
17674.0,300.66
13706.0,300.38
14797.0,300.31
12775.0,300.08
14840.0,299.86
17718.0,299.83
17344.0,299.74
17766.0,299.61
13500.0,299.53
13346.0,299.4
12595.0,299.02
13600.0,298.9
18212.0,298.3
16583.0,297.95
12897.0,297.75
12434.0,297.29
17601.0,297.07
12504.0,297.0
14835.0,297.0
17627.0,296.36
12898.0,296.21000000000004
17703.0,296.1
17608.0,296.07
13516.0,295.85
14269.0,295.73
14614.0,295.13
16252.0,295.09000000000003
15630.0,295.05
16579.0,295.05
18227.0,295.0
17057.0,294.74
15448.0,294.17
17927.0,294.0
15718.0,293.79
14192.0,293.74
15928.0,293.53
17710.0,293.5
17441.0,293.35
13002.0,293.18
17207.0,292.62
16543.0,292.21
17907.0,291.76
12421.0,291.56
17882.0,291.56
16615.0,291.5
18182.0,291.13
15391.0,289.87
13796.0,289.7
17923.0,289.5
15962.0,289.48
16018.0,289.23
17988.0,288.42
17536.0,288.33
18043.0,287.91
14238.0,287.38
17497.0,287.25
14128.0,286.71
16936.0,286.39
15863.0,286.26
14353.0,285.9
14537.0,285.84000000000003
14402.0,285.6
13207.0,285.6
16343.0,285.54
16890.0,285.41
12487.0,285.29999999999995
13308.0,284.86
15280.0,284.4
15354.0,284.4
13616.0,283.85
16078.0,283.79
15662.0,283.73
17408.0,283.44000000000005
15184.0,283.19
13909.0,282.85
15936.0,282.79
13511.0,282.76
16442.0,282.68
12771.0,282.3
13326.0,281.76
13679.0,281.26
15022.0,281.05
15772.0,280.88
14433.0,280.7
15244.0,280.51
13034.0,279.91
14645.0,279.8
13283.0,279.7
14183.0,278.34000000000003
14303.0,277.94
12717.0,277.93
15338.0,277.93
15006.0,277.4
13428.0,276.76
12538.0,276.5
15368.0,275.8
13135.0,275.45
13399.0,275.4
15473.0,274.8
15857.0,273.48
17072.0,273.35
17355.0,273.31
13861.0,273.26
17292.0,271.75
13487.0,271.47
17785.0,271.44
15943.0,271.28999999999996
18053.0,271.05
14581.0,271.05
18238.0,270.92
14981.0,270.8
15361.0,270.15000000000003
14647.0,270.0
18267.0,269.37
15964.0,269.21000000000004
17264.0,268.28
12751.0,268.27
18254.0,267.9
12790.0,266.93
15689.0,266.93
17433.0,266.8
15124.0,266.63
13695.0,266.6
14392.0,266.4
15246.0,266.25
14472.0,266.05
13277.0,264.9
12974.0,264.15
13974.0,264.13
17187.0,263.76
12651.0,263.75
16334.0,263.73
13128.0,263.5
16089.0,263.49
12892.0,263.38
17808.0,262.64
13331.0,262.4
16932.0,262.32
14462.0,262.24
14494.0,261.9
17964.0,261.76
17910.0,261.7
12655.0,261.35
12991.0,261.06
15888.0,260.85
13835.0,260.7
17375.0,260.45
17705.0,260.38
16413.0,259.83
16733.0,259.68
17558.0,259.17
15536.0,259.09
14704.0,258.96
17256.0,258.93
12386.0,258.9
12942.0,258.75
14526.0,258.65
13683.0,258.6
16502.0,258.55
13307.0,258.34
15404.0,257.06
14463.0,256.95
14876.0,256.7
14274.0,256.6
16988.0,256.55
13825.0,255.59
16911.0,255.25
16921.0,255.03
14594.0,255.0
12746.0,254.55
17626.0,254.0
16845.0,253.88
13250.0,253.09
17992.0,252.88
13251.0,252.68
16908.0,252.59
16074.0,252.5
12948.0,252.48000000000002
17210.0,251.72
16453.0,251.71
14166.0,251.15
18266.0,251.1
16962.0,251.04
14470.0,250.85
12665.0,250.6
17376.0,250.44
15231.0,250.26
16893.0,249.89000000000001
14342.0,249.88
12638.0,249.8
16773.0,249.65
13309.0,249.58
12563.0,249.24
16201.0,248.65
15918.0,248.65
16381.0,247.85
15293.0,247.5
15540.0,247.38
14654.0,246.86
15697.0,246.75
13943.0,246.54
15495.0,246.5
15378.0,246.5
18153.0,246.22
14325.0,245.48000000000002
14281.0,245.15
15884.0,244.60000000000002
15864.0,244.44000000000003
18002.0,244.37
14694.0,244.31
17925.0,244.08
13676.0,243.9
14079.0,243.63
13584.0,243.3
17009.0,242.06
13445.0,241.89999999999998
13582.0,241.68
14774.0,241.45
12413.0,241.35
14052.0,241.3
16508.0,240.95
13674.0,240.68
15336.0,240.5
18278.0,240.3
14962.0,240.21000000000004
15931.0,239.9
15262.0,239.87
13789.0,239.45999999999998
12663.0,239.4
17981.0,239.12
13275.0,238.86
15597.0,238.8
16280.0,238.05
17286.0,237.81
14982.0,237.78
17309.0,237.64000000000001
16136.0,237.42
17371.0,236.97
16892.0,236.56
13088.0,236.11
12831.0,236.06
17093.0,235.88
17872.0,235.87
16046.0,235.78
14716.0,235.77
16602.0,235.25
12392.0,234.75000000000003
13114.0,234.38
16885.0,234.19
13009.0,234.0
12728.0,233.84
13672.0,233.53000000000003
14153.0,233.4
15294.0,233.35
13129.0,233.25
16024.0,232.96
17055.0,232.85
13608.0,232.05
16408.0,231.93
17151.0,231.90000000000003
17136.0,231.68
16006.0,231.42
17374.0,231.34
18279.0,231.33999999999997
15487.0,231.32
14082.0,231.10999999999999
16321.0,230.9
14997.0,230.4
17007.0,230.17000000000002
18197.0,230.1
14017.0,229.75
13177.0,229.75
17185.0,229.46
17743.0,229.2
15273.0,228.96
14684.0,228.52
17066.0,228.34
13416.0,228.3
14458.0,228.07
16760.0,228.0
17111.0,227.97
15566.0,227.87
14363.0,227.47000000000003
17868.0,227.15
16740.0,226.91
15451.0,226.86
14718.0,226.42
15659.0,226.04
17993.0,225.99
14487.0,225.89000000000001
14069.0,225.81
17915.0,225.78
16824.0,225.6
17181.0,225.45000000000002
16622.0,225.4
14475.0,225.3
15304.0,225.15
13619.0,224.94
17472.0,224.81
16346.0,224.51
12914.0,223.98
14928.0,223.91000000000003
16562.0,223.85999999999999
17967.0,223.42
15423.0,223.39
13548.0,223.28
18131.0,222.95999999999998
13080.0,222.65
18048.0,222.64
12887.0,222.4
14596.0,222.22000000000003
16399.0,222.20000000000002
12348.0,222.16
15788.0,221.82999999999998
14497.0,221.69
14445.0,221.65
17261.0,221.59
17087.0,221.53
13955.0,221.10999999999999
16776.0,220.97
13519.0,220.46
15277.0,220.44
18132.0,220.13
13454.0,219.87
14074.0,219.39999999999998
12799.0,219.35
15086.0,218.53
16832.0,218.45999999999998
15675.0,218.35
15591.0,217.9
16035.0,217.73
13721.0,217.39999999999998
13423.0,217.03
15401.0,216.95000000000002
15987.0,216.7
18021.0,216.41
17902.0,216.39999999999998
16440.0,216.3
14376.0,215.46
14635.0,215.22
18007.0,215.22
14106.0,214.79999999999998
14361.0,214.70999999999998
15424.0,214.44
15919.0,214.07999999999998
18157.0,213.9
17458.0,213.08
13724.0,213.01
13398.0,213.0
13691.0,212.78
16146.0,212.25
16362.0,212.17
17134.0,212.1
12961.0,211.99
12470.0,211.95
14843.0,211.79999999999998
12672.0,211.15
15490.0,210.85
15512.0,210.58
14992.0,210.5
16874.0,209.89000000000001
17484.0,209.57
16357.0,209.49
13056.0,209.48
14003.0,209.41
16487.0,209.4
15112.0,209.4
18127.0,209.05
17855.0,208.97
15458.0,208.79999999999998
13290.0,208.63
15741.0,208.62
15134.0,208.3
12848.0,208.0
16964.0,207.85
16752.0,207.5
17989.0,207.32999999999998
15295.0,207.04
17991.0,206.95
17418.0,206.60000000000002
14311.0,206.19
17510.0,206.07999999999998
15914.0,205.99
14278.0,205.83
16284.0,205.8
16540.0,205.75
16402.0,205.65
16490.0,205.41000000000003
14602.0,205.35999999999999
12400.0,205.25
17571.0,205.23999999999998
17266.0,205.14
15158.0,204.62
17271.0,204.3
16901.0,204.26
13226.0,204.25
14468.0,204.24
16356.0,204.10000000000002
14957.0,203.2
14519.0,203.14
17074.0,203.05
14419.0,202.85
15459.0,202.82999999999998
15558.0,202.68
12416.0,202.56
14892.0,202.35000000000002
17980.0,201.27
13556.0,200.82
14330.0,200.63
13944.0,200.43
16433.0,200.26
17245.0,200.18
18255.0,199.85
14521.0,199.45000000000002
15001.0,199.10999999999999
13079.0,199.08
17647.0,198.6
15020.0,198.47
17184.0,198.41000000000003
17254.0,198.29
17778.0,197.70000000000002
17112.0,197.57
12927.0,197.31
16937.0,196.25
13757.0,195.55
14727.0,195.15
14405.0,195.0
13669.0,195.0
17065.0,194.7
15709.0,194.6
16299.0,193.65
18110.0,193.48000000000002
15437.0,193.29000000000002
13962.0,193.25
14975.0,192.45
18028.0,192.05
14761.0,192.02
16695.0,191.9
14279.0,191.86
15115.0,191.74
18056.0,190.95
15954.0,190.75
14728.0,190.58
15688.0,190.57
18020.0,190.48000000000002
14617.0,190.47000000000003
14670.0,190.47
13766.0,190.35
14446.0,189.93
17257.0,189.78
18046.0,189.63
17022.0,189.0
16277.0,188.69
17283.0,188.46
16051.0,188.44
13792.0,188.4
13063.0,188.4
15072.0,187.51999999999998
13852.0,187.35000000000002
17772.0,187.3
13387.0,186.94
18156.0,186.88
16267.0,186.66
18063.0,186.60000000000002
15986.0,186.3
17215.0,186.15
16388.0,186.05
14879.0,185.06
14677.0,184.91
17803.0,184.66
18161.0,184.41
14819.0,184.34
14119.0,183.37
14983.0,183.20000000000002
14436.0,182.64000000000001
17516.0,182.62
16819.0,182.59
14941.0,182.1
17248.0,181.89000000000001
12934.0,181.65
12789.0,181.5
16822.0,181.39
15359.0,181.35
13282.0,181.05
14858.0,180.75
18119.0,180.7
17820.0,180.60999999999999
16090.0,180.56
14799.0,180.45
17035.0,180.06
18234.0,179.6
15042.0,179.52
14945.0,179.4
16640.0,179.4
15209.0,178.98000000000002
14812.0,178.85
16691.0,178.83
17170.0,178.68
16469.0,178.48000000000002
16448.0,178.13
17798.0,178.07
17483.0,177.69
16285.0,176.9
17036.0,176.9
17587.0,176.71
13746.0,176.69
18054.0,176.5
16315.0,176.34
18175.0,176.1
13508.0,176.07999999999998
17840.0,175.9
18018.0,175.85
12547.0,175.78
18166.0,175.5
14486.0,175.5
13007.0,175.25
16559.0,175.0
17108.0,174.95
13565.0,174.57999999999998
16780.0,174.16
15684.0,173.95
14674.0,173.66
12441.0,173.55
16741.0,173.06
16599.0,172.8
13671.0,172.6
15515.0,171.81
17983.0,171.71
17575.0,171.7
15869.0,171.47
17789.0,171.25
16312.0,171.15
17384.0,171.15
16673.0,171.13
15445.0,171.0
15403.0,170.88
14811.0,170.5
17922.0,170.4
16731.0,170.3
17542.0,170.1
13747.0,169.79999999999998
16002.0,169.21
15647.0,169.0
15065.0,168.73
12768.0,168.69000000000003
17392.0,168.65
18269.0,168.6
14131.0,168.22
17559.0,167.62
17586.0,167.4
13609.0,167.35
14954.0,167.27
15166.0,167.16
17875.0,167.1
13547.0,167.08
15135.0,166.63
18107.0,165.88
13903.0,165.45000000000002
16663.0,165.0
18017.0,165.0
16990.0,165.0
13191.0,164.69
13754.0,164.45000000000002
17417.0,164.18
14955.0,163.77
16757.0,163.65
17660.0,163.47
17715.0,163.2
16050.0,162.8
18246.0,162.72
13581.0,162.53
12954.0,162.45
15552.0,162.4
15534.0,162.25
16443.0,162.24
14598.0,162.07
12661.0,162.0
17971.0,161.94
18270.0,161.4
13714.0,161.35
13779.0,161.13
13701.0,161.0
17605.0,160.75
17202.0,160.65
17487.0,160.55
15229.0,160.5
16645.0,160.39
14571.0,160.0
14784.0,159.94
13642.0,159.92
17171.0,159.68
17953.0,159.17000000000002
15499.0,158.65
15548.0,158.09
14318.0,158.02
17751.0,157.85999999999999
14207.0,157.8
14822.0,157.70000000000002
16687.0,157.63
12894.0,157.35
17318.0,157.32999999999998
16371.0,157.2
15742.0,156.87
13830.0,156.85000000000002
17359.0,156.6
16578.0,156.6
17765.0,156.37
13051.0,155.8
12738.0,155.35
16473.0,154.72
13403.0,154.5
13490.0,154.25
14814.0,154.21
15560.0,153.52
15431.0,153.24
16589.0,153.12
18273.0,153.0
12864.0,152.45
15509.0,152.41
13551.0,152.39999999999998
17327.0,152.35
13653.0,152.2
15670.0,152.15
16681.0,151.5
18076.0,151.49
13482.0,151.45
15894.0,151.44
15524.0,151.4
14516.0,151.17
16662.0,151.05
12959.0,150.95
14980.0,150.68
15991.0,150.55
14084.0,150.5
15474.0,150.35
14845.0,150.0
13257.0,149.75
17901.0,149.7
15432.0,149.57
17390.0,149.3
12851.0,148.95
14163.0,148.71
13125.0,148.62
15283.0,148.33
17592.0,148.3
13457.0,148.22
13578.0,147.66
18210.0,147.45
15479.0,147.4
16724.0,147.35
17794.0,147.3
12858.0,147.27
17898.0,147.12
14683.0,146.56
16323.0,146.16
15496.0,146.14000000000001
18137.0,145.99
16127.0,145.06
15902.0,145.01
17219.0,144.9
17938.0,144.29
15816.0,144.14999999999998
12387.0,143.94
14604.0,143.85999999999999
14574.0,143.70000000000002
17149.0,143.10000000000002
15761.0,143.05
17556.0,142.77
16507.0,142.71
13992.0,142.7
17767.0,141.85
16149.0,141.70000000000002
17771.0,141.6
16368.0,141.53
18038.0,141.48
17273.0,141.12
12636.0,141.0
17959.0,140.75
14773.0,140.55
15720.0,140.49
15702.0,140.39000000000001
15324.0,140.22000000000003
12619.0,140.14
13839.0,139.95000000000002
16840.0,139.85
13452.0,139.8
15374.0,139.32
14707.0,139.2
15773.0,138.84
17982.0,138.18
15848.0,137.99
16396.0,137.8
16542.0,137.7
17440.0,137.16
15577.0,137.15
13907.0,136.8
13195.0,136.73
16237.0,136.65
13594.0,136.35000000000002
16289.0,136.31
16651.0,136.2
16876.0,136.01
14366.0,136.0
17583.0,135.95
14391.0,135.6
13076.0,135.4
14588.0,135.39
15545.0,135.32999999999998
13702.0,135.18
14173.0,135.16
17199.0,135.04000000000002
14171.0,135.0
13509.0,135.0
13119.0,134.9
12691.0,134.6
15926.0,134.44
16486.0,134.36
16886.0,134.0
17826.0,133.34
17070.0,133.18
14191.0,132.9
12467.0,132.8
13651.0,132.65
13217.0,132.5
12964.0,132.24
17565.0,131.83
15409.0,131.25
14378.0,131.25
17225.0,131.15
17301.0,131.15
16865.0,130.95
17240.0,130.6
16410.0,130.32
16628.0,130.05
12362.0,130.0
16288.0,129.85
17762.0,129.75
15317.0,129.75
17847.0,129.69
14999.0,129.48000000000002
12555.0,129.23
13071.0,129.22
17928.0,128.7
17056.0,128.60000000000002
17089.0,128.45
16251.0,128.31
15892.0,128.2
12821.0,128.07999999999998
13053.0,127.65
16690.0,127.45
13586.0,127.28
14491.0,127.2
13169.0,127.2
15923.0,127.08
16973.0,127.0
15454.0,126.89
14751.0,126.45
17386.0,126.35000000000001
16294.0,126.05000000000001
13794.0,126.03
17657.0,126.0
16925.0,125.65
15731.0,125.3
13912.0,124.95
17818.0,124.78
13312.0,124.75
17316.0,124.45
12773.0,124.25
18000.0,124.25
15779.0,124.08000000000001
13968.0,123.66
14187.0,123.5
16397.0,123.13
12969.0,122.45
13084.0,122.39999999999999
14616.0,121.7
17260.0,120.95
14884.0,120.6
14444.0,120.44
18281.0,120.32
17543.0,120.05
14483.0,120.0
14241.0,120.0
15161.0,119.92
17541.0,119.86
17177.0,119.5
17339.0,119.0
17403.0,118.95
17280.0,118.85999999999999
16291.0,117.72
14762.0,117.05000000000001
14726.0,116.5
15503.0,116.26
14874.0,116.18
18042.0,116.1
16068.0,115.73
14077.0,115.66
16185.0,115.31
18012.0,115.3
14039.0,115.08000000000001
17843.0,114.92
17401.0,114.85
15905.0,114.69
17933.0,114.69
15543.0,114.4
17275.0,114.1
15056.0,113.64999999999999
16821.0,113.35
17784.0,112.86
18148.0,112.85000000000001
13241.0,112.53
13620.0,112.34
14750.0,112.03
14668.0,111.63
17304.0,111.5
15018.0,111.25
17208.0,111.15
15352.0,111.15
14464.0,111.0
12692.0,110.95
14509.0,110.95
18256.0,110.7
17383.0,110.69999999999999
14787.0,110.65
17909.0,110.05
14806.0,110.03999999999999
14314.0,109.80000000000001
15851.0,109.73
15041.0,109.47
14033.0,109.44
16064.0,109.31
16664.0,109.2
14721.0,109.07
15875.0,108.52
14374.0,108.0
13580.0,107.75
14943.0,107.62
15729.0,107.55000000000001
16301.0,107.33
15328.0,107.24
16047.0,107.14
15846.0,107.01
16998.0,107.0
16630.0,106.80000000000001
16082.0,106.75
14637.0,106.67999999999999
15927.0,106.54
15212.0,106.47999999999999
16188.0,105.80000000000001
18103.0,105.8
15642.0,105.78000000000002
14579.0,105.56
15340.0,105.5
13187.0,105.34
17328.0,104.7
16547.0,104.25999999999999
12601.0,104.19999999999999
14908.0,104.10000000000001
16375.0,104.0
16896.0,103.95
15924.0,102.82
18124.0,102.65
17467.0,102.6
15486.0,102.0
17723.0,102.0
13829.0,102.0
14271.0,101.86
16944.0,101.36
18195.0,101.16
17741.0,101.1
17493.0,100.91000000000001
17224.0,100.86
15208.0,100.4
15635.0,100.35
17094.0,100.2
17570.0,100.0
16666.0,98.73
15048.0,98.7
12774.0,98.7
16694.0,98.30000000000001
17395.0,97.5
18037.0,97.39999999999999
12652.0,97.05000000000001
17217.0,96.6
15852.0,96.55
13793.0,96.0
15583.0,95.96
13302.0,95.45
16552.0,95.29
15285.0,94.92
14833.0,94.8
15868.0,94.53
14394.0,93.8
15305.0,93.6
17783.0,93.49
15082.0,93.35000000000001
12992.0,93.35000000000001
16196.0,93.3
15724.0,92.6
12829.0,92.30000000000001
18123.0,92.2
16831.0,91.8
13083.0,91.67999999999999
13392.0,91.14
14786.0,90.96
13133.0,90.65
14435.0,90.42
15686.0,90.0
16061.0,89.65
13535.0,89.5
12686.0,89.14
13222.0,88.5
16564.0,87.8
13549.0,87.6
17606.0,87.30000000000001
13180.0,86.10000000000001
13967.0,85.6
15094.0,83.0
14347.0,82.6
13469.0,82.4
16028.0,82.2
13215.0,81.6
17008.0,81.36
14717.0,81.3
15170.0,81.15
17336.0,81.12
15833.0,80.4
15131.0,80.28
14190.0,79.9
16165.0,79.9
14007.0,79.48
14865.0,77.52000000000001
12570.0,77.52
16867.0,76.74000000000001
18113.0,76.32000000000001
14613.0,76.32000000000001
13219.0,76.23
17816.0,75.76
14559.0,75.6
13739.0,75.3
17192.0,75.28
16420.0,75.0
17944.0,74.99
13105.0,72.0
15256.0,71.95
16459.0,71.78999999999999
16970.0,71.4
17763.0,71.15
13915.0,70.80000000000001
15564.0,70.74000000000001
12568.0,70.0
13172.0,69.6
14906.0,68.44
12861.0,68.25
17249.0,68.03
17532.0,65.34
13022.0,65.3
17912.0,64.49
16238.0,63.66
17216.0,63.6
15470.0,63.419999999999995
12404.0,63.24
16058.0,62.7
14650.0,62.5
13380.0,62.4
13303.0,61.72
17960.0,61.300000000000004
13818.0,61.28
15375.0,60.959999999999994
16605.0,60.48
15250.0,60.0
17330.0,59.900000000000006
15371.0,59.400000000000006
15233.0,59.400000000000006
18174.0,58.5
14384.0,58.5
17468.0,57.8
12466.0,56.73
15899.0,56.25
15685.0,55.980000000000004
12776.0,55.5
17494.0,54.699999999999996
12860.0,54.22
17026.0,54.15
13306.0,53.65
17599.0,52.05
16786.0,51.839999999999996
13254.0,51.410000000000004
14495.0,51.0
13011.0,50.550000000000004
14743.0,50.48
14380.0,48.96
16530.0,48.349999999999994
13438.0,46.5
15698.0,46.2
15775.0,45.6
12496.0,45.34
15672.0,45.300000000000004
17916.0,43.87
13666.0,43.25
13913.0,42.22
13906.0,42.0
16219.0,40.8
14266.0,40.56
15603.0,40.0
14086.0,39.95
14589.0,39.75
17246.0,38.92
15455.0,38.25
15693.0,37.5
17352.0,36.25
14993.0,36.13
16417.0,35.7
14576.0,35.400000000000006
12925.0,35.28
17533.0,34.8
17557.0,34.0
15871.0,33.099999999999994
16941.0,33.0
14977.0,31.929999999999996
17129.0,31.85
14144.0,30.599999999999998
14972.0,30.300000000000004
16548.0,30.15
15575.0,30.1
13033.0,30.0
17319.0,29.1
17278.0,25.2
15284.0,24.75
13144.0,24.4
14610.0,24.35
16454.0,24.05
16537.0,23.35
12606.0,21.0
13112.0,20.6
15999.0,20.4
13163.0,17.65
12846.0,15.58
14580.0,14.850000000000001
14900.0,13.919999999999998
17040.0,13.52
17378.0,10.95
18115.0,9.700000000000001
15040.0,7.49
15913.0,6.300000000000001
13788.0,3.75
14095.0,2.95
14827.0,0.0
14103.0,0.0
